1,1,30-9-2022 09:25,,cho em xin JD Frontend HCM v·ªõi ·∫°.
2,1,5-10-2022 11:36,,Cho em xin jd .net hcm v·ªõi ·∫°
3,1,,,Em xin jd .net hcm ·∫°
4,1,4-10-2022 10:52,,Em xin job computer vison
5,1,5-10-2022 16:42,,Em xin hd front-end hcm v·ªõi ·∫°
6,1,,,Em xin jd manual test h√† n·ªôi ·∫°
7,1,,,Cho e xin jd Front end ·∫°
8,1,3-10-2022 10:54,,Em xin jd front-end v·ªõi ·∫°
9,1,6-10-2022 14:18,,Em xin job tester v·ªõi ·∫°
10,1,,,Cho em xin jd .net hcm v·ªõi ·∫°
11,1,28-9-2022 13:52,,ch·ªã cho em xin js frontend hcm v·ªõi ·∫°
12,1,30-9-2022 20:58,,cho em xin jd java HCM ·∫°
13,1,,,cho em xin JD manual test HCM v·ªõi ·∫°
14,1,27-9-2022 00:45,,Em xin JD Manual Tester ·∫°
15,1,4-10-2022 10:05,,Em xin jd Flutter ·∫°
16,1,28-9-2022 08:16,,m√¨nh xin job nodejs v·ªõi ·∫°
17,1,27-9-2022 14:18,,Cho em xin jd php hcm
18,1,29-9-2022 16:48,,em xjn jd manual tester ·∫°
19,1,26-9-2022 23:51,,em xin job l·∫≠p tr√¨nh C# h√† n·ªôi ·∫°
20,1,28-9-2022 18:45,,Em xin jd DE h√† n·ªôi
21,1,,,cho em xin jd frontend hn v·ªõi ·∫°
22,1,4-10-2022 15:21,,Em xin jd php hn ·∫°
23,1,,,Em xin jd java ·∫°
24,1,,,"Tuy·ªÉn d·ª•ng H·ªçc vi√™n kh√≥a K1 ƒê√ÄO T·∫†O LOW CODE MI·ªÑN PH√ç
- Th·ªùi gian b·∫Øt ƒë·∫ßu: t·ª´ ng√†y 09/10-03/11
- L·ªãch h·ªçc:‚Ä¶ Xem th√™m"
25,1,,,em xin jd fresher java ƒêN v·ªõi ·∫°
26,1,7-10-2022 21:18,,Cho em xin jd AICV H√† N·ªôi v·ªõi ·∫°
27,1,,,cho e h·ªèi c√≥ react native k ·∫°
28,1,30-9-2022 16:05,,cho em xin JD Frontend HCM v·ªõi ·∫°.
29,1,3-10-2022 11:03,,Em xin jd frontend H√† N·ªôi ·∫°
30,1,28-9-2022 19:36,,cho e xin job AI/NLP v·ªõi ·∫°
31,1,27-9-2022 15:17,,Em xin jd front end hp ·∫°
32,1,27-9-2022 09:38,,em xin jd AI hcm ·∫°
33,1,30-9-2022 09:01,,cho e xin jd Ai HN v·ªõi ·∫°
34,1,30-9-2022 18:10,,Cho em xin jd tester HN v·ªõi ·∫°
35,1,28-9-2022 11:41,,Em xin jd frontend v·ªõi ·∫°
36,1,6-10-2022 21:02,,Cho e xin jd de hn v·ªõi ·∫°
37,1,,,Em xin jd java hcm ·∫°
38,1,4-10-2022 11:37,,Cho e xin jd AI H√† n·ªôi v·ªõi ·∫°
39,1,27-9-2022 07:17,,"E xin jd c#, nodejs h√† n·ªôi ·∫°"
40,1,30-9-2022 16:25,,e xin jd PHP H√† N·ªôi v·ªõi ·∫°
41,1,27-9-2022 13:31,,em xin jd tts android hn ·∫°
42,1,28-9-2022 14:50,,Em xin jd flutter tphcm ·∫°
43,1,30-9-2022 07:21,,Em xin jd iOS v·ªõi ·∫°
44,1,4-10-2022 15:33,,"Tham Gia Kh√≥a ùìúùì≤ùìÆÃÇÃÉùì∑ ùìüùì±ùì≤ÃÅ LOW CODE
C∆° h·ªôi d√†nh th√™m h·ªçc b·ªïng tr·ªã gi√° 3 tri·ªáu ƒë·ªìng.
Th∆∞·ªüng th√†nh t√≠ch chuy√™n c·∫ßn 500k/h·ªçc vi√™n khi ho√†n th√†nh kh√≥a h·ªçc.
Khai gi·∫£ng‚Ä¶ Xem th√™m"
45,1,,,Em xin jd php ·∫°
46,1,29-9-2022 04:55,,Cho em xin job an to√†n th√¥ng tin ·ªü HCM ·∫°
47,1,27-9-2022 13:45,,e xin jd Nodejs ·∫°
48,1,,,Em xin JD tester v·ªõi ·∫°
49,1,27-9-2022 20:24,,"em xin jd python , java , nodejs ·∫°"
50,1,26-9-2022 22:38,,Em xin jd java hcm
51,1,29-9-2022 12:18,,Cho e xin th√¥ng tin job android DN
52,1,6-10-2022 12:47,,e xin jd DE v·ªõi ·∫°
53,1,,,Em xin JD Frontend HCM ·∫°
54,1,26-9-2022 23:09,,Em xin jd DE H√† N·ªôi
55,1,29-9-2022 13:12,,em xin jd DE v√† attt ·∫°
56,1,27-9-2022 11:41,,Em xin jd frontend ·∫°
57,1,28-9-2022 02:06,,cho em xin jd ATTT ·∫°
58,1,27-9-2022 08:00,,em xin jd java hcm ·∫°
59,1,26-9-2022 23:18,,Em xin JD Frontend HCM ·∫°
60,1,28-9-2022 12:33,,e xin jd Java ·∫°
61,1,27-9-2022 05:18,,Xin JD ·∫°
62,1,26-9-2022 23:17,,rep ib m√¨nh v·ªõi ·∫°
63,1,,,em xin jd flutter hn v·ªõi ·∫°
64,1,27-9-2022 00:42,,Em xin jd frontend ·∫°
65,1,27-9-2022 10:14,,Em xin jd ·∫°
66,1,6-10-2022 01:10,,Cho em xin JD An to√†n th√¥ng tin (H√† N·ªôi) v·ªõi ·∫°
67,1,,,e xin jd frontend v·ªõi ·∫°
68,1,26-9-2022 23:00,,xin jd python
69,1,,,tester
70,1,26-9-2022 23:48,,Xin jd java HCM ·∫°
71,1,4-10-2022 12:02,,cho em xin JD Frontend H√† N·ªôi v·ªõi ·∫°.
72,1,,,Tr·∫ßn D∆∞∆°ng n√®
73,1,,,ch·ªã cho em xin JD fresher Data Engineer v·ªõi ·∫° T·ªù Jan
74,1,,,em xin JD AI vs ·∫°
75,1,9-10-2022 21:02,,Cho em xin jd fresher .Net v·ªõi ·∫°
76,1,,,Em xin jd frontend HCM ·∫°
77,1,10-10-2022 15:13,,[HN] Tuy·ªÉn d·ª•ng IOS t·ª´ 2 nƒÉm KN s·ª≠ d·ª•ng ng√¥n ng·ªØ Swift. Offer 15-25M + th∆∞·ªüng + l∆∞∆°ng T13 + tr·ª£ c·∫•p 100k/ng√†y. Ib nh·∫≠n JD!
78,1,5-10-2022 16:29,,"[HN] Tuy·ªÉn d·ª•ng Java Developer t·ª´ 1 nƒÉm KN framework Spring Boot, Java core.
Offer up to 2000$ + th∆∞·ªüng + PC/Macbook. Anh ch·ªã quan t√¢m ib em nh·∫≠n JD chi ti·∫øt ·∫°!"
79,1,3-10-2022 16:15,,"[Nam T·ª´ Li√™m] C·∫ßn tuy·ªÉn g·∫•p Fresher NodeJS, Android t·ª´ 6 th√°ng KN. Offer: 10-15M + th∆∞·ªüng + benefits. T·ªïng thu nh·∫≠p ƒë·∫øn 14 th√°ng l∆∞∆°ng. IB nh·∫≠n JD"
80,1,3-10-2022 16:09,,"[Nam T·ª´ Li√™m] C·∫ßn tuy·ªÉn g·∫•p Fresher NodeJS, Android t·ª´ 6 th√°ng KN. Offer: 10-15M + th∆∞·ªüng + benefits. T·ªïng thu nh·∫≠p ƒë·∫øn 14 th√°ng l∆∞∆°ng. IB nh·∫≠n JD"
81,1,,,Em xin jd front end HCM ·∫°
82,1,28-9-2022 01:12,,em xin jd .net v·ªõi ·∫°
83,1,30-9-2022 12:56,,.
84,1,30-9-2022 19:58,,B·∫Øt bu·ªôc l√† ƒë√∫ng ng√†nh ·∫°
1,2,26-9-2022 22:28,,. M√¨nh xin jd v·ªõi
2,2,,,Qt ·∫°
3,2,,,cho em xin jd v·ªõi ·∫°
4,2,,,Em xin jd v·ªõi ·∫°
5,2,,,Cho em xin jd v·ªõi ·∫°
6,2,26-9-2022 21:36,,Cho m√¨nh xin jd v·ªõi ·∫°
7,2,,,em xin jd ·∫°
8,2,,,Em xin JD Fresher Java v·ªõi ·∫°
9,2,26-9-2022 15:03,,C√°c b·∫°n quan t√¢m cmt/ ib m√¨nh ƒë·ªÉ nh·∫≠n JD chi ti·∫øt v√† ƒë∆∞·ª£c h·ªó tr·ª£ nh√© ·∫°
10,2,,,Em xin jd v·ªõi
11,2,,,ch·ªã check ib gi√∫p em ·∫°
12,2,,,Em xin jd ·∫°
13,2,29-9-2022 22:38,,E xin jd v·ªõi ·∫°
14,2,,,cho em xin jd
15,2,,,m√¨nh xin jd v·ªõi
16,2,,,E xin jd ·∫°
17,2,26-9-2022 15:04,,Em xin jd
18,2,27-9-2022 00:55,,hi·ªán t·∫°i h·ªçc fresher java l√† h·ªçc online hay offline v·∫≠y ·∫° ?
19,2,,,. ·∫†
20,2,26-9-2022 16:57,,cho em xin jd
21,2,3-10-2022 16:10,,"[Nam T·ª´ Li√™m] C·∫ßn tuy·ªÉn g·∫•p Fresher NodeJS, Android t·ª´ 6 th√°ng KN. Offer: 10-15M + th∆∞·ªüng + benefits. T·ªïng thu nh·∫≠p ƒë·∫øn 14 th√°ng l∆∞∆°ng. IB nh·∫≠n JD"
1,3,4-10-2022 22:31,,Em xin jd mobile android
2,3,4-10-2022 17:16,,cho em xin jd voi
3,3,4-10-2022 17:17,,c√≥ khu v·ª±c HCM ko ·∫°
4,3,5-10-2022 01:14,,cho m√¨nh xin jd iOS ·∫°
5,3,5-10-2022 11:31,,e xin jd mobile ·∫°
6,3,4-10-2022 16:28,,E xin jd ·∫°
7,3,5-10-2022 12:38,,em xin jd Fresher Java ·∫°
8,3,5-10-2022 08:22,,cho em xin jd khu v·ª±c ƒë√† n·∫µng v·ªõ
9,3,5-10-2022 07:27,,b cho m√¨nh xin jd fresher android v·ªõi
10,3,4-10-2022 20:57,,em xin job mobile android nh√©
11,3,4-10-2022 23:27,,cho em xin jd android voi a
12,3,6-10-2022 00:47,,M√¨nh xin JD v·ªõi ·∫°
13,3,5-10-2022 14:14,,E xin jd react native ·∫°
14,3,6-10-2022 18:37,,E xin jd fresher android v·ªõi ·∫°
15,3,5-10-2022 09:29,,E xin jd react native ·∫°
16,3,4-10-2022 18:46,,cho em xin jd ·∫°
17,3,4-10-2022 23:01,,e xin jd android
18,3,4-10-2022 21:45,,em xin job mobile android
19,3,4-10-2022 16:49,,Em xin jd mobile android v·ªõi ·∫°
20,3,4-10-2022 18:31,,Em xin jd ·∫°
21,3,,,B·∫°n check inb vs ·∫°
22,3,,,m√¨nh xin jd mobile android v·ªõi ·∫°
23,3,5-10-2022 01:27,,.
24,3,4-10-2022 19:40,,.
25,3,4-10-2022 23:55,,.
1,4,12-10-2022 16:12,,ch·∫•m
2,4,,,seeding cho n√®
3,4,,,Em xin jd ·∫°
4,4,,,ch·∫•m
5,4,,,Th·∫Øng L√™ VƒÉn l∆∞∆°ng cao th·∫ø nh·ªâ
1,5,24-7-2022 09:06,,Nay ki√™m lu√¥n hr r·ªìi h·∫£
2,5,24-7-2022 09:44,,Ib iem ch·ªã nh√©
3,5,24-7-2022 09:45,,M·ªµ Em k√¨a b
4,5,17-8-2022 13:16,,c√≤n tuy·ªÉn Fresher Nodejs Tp HCM ko ·∫°
5,5,,,Ch·ªã ∆°i em xin jd fresher tester v·ªõi ·∫°
6,5,,,Cho em xin jd .net ·ªü hcm v·ªõi ·∫°
7,5,24-7-2022 15:13,,"Cho e xin JD fresher ReactJS, NodeJS ·ªü HCM ·∫°."
8,5,,,Em xin JD fresher ReactJS NodeJS ·ªü HCM ·∫°
9,5,23-7-2022 23:36,,"SALEWORK tuy·ªÉn d·ª•ng FULLSTACK DEV
Quy·ªÅn l·ª£i:
‚Ä¢ L∆∞∆°ng c·ª©ng 20 ‚Äì 35 tri·ªáu /th√°ng. Th∆∞·ªüng hi·ªáu qu·∫£ c√¥ng vi·ªác theo th√°ng. X√©t tƒÉng 2 l·∫ßn/ nƒÉm.‚Ä¶ Xem th√™m"
10,5,,,cho m√¨nh xin jd fresher c/c++ vs nh√©
11,5,24-7-2022 00:52,,Em xin JD Fresher ReactJs ·ªü TP HCM v·ªõi ·∫°
12,5,24-7-2022 22:12,,Cho em xin jd fresher python ·ªü H√† N·ªôi v·ªõi ·∫°
13,5,,,Cho m√¨nh xin jd fresher reactjs hcm vs ·∫°.....
14,5,8-8-2022 13:29,,C√≤n tuy·ªÉn kh√¥ng ·∫°
15,5,24-7-2022 06:58,,Em xin jd reactJs hcm ·∫°
16,5,28-7-2022 13:10,,Em xin jd .Net ·ªü HCM ·∫°
17,5,23-7-2022 23:42,,cho e h·ªèi Fresher ReactJS c√≥ ·ªü HCM k ·∫°
18,5,,,Cho em xin jd fresher java ·ªü HCM ·∫°
19,5,24-7-2022 09:05,,Em xin job react ·ªü hcm v·ªõi ·∫°
20,5,,,D·∫° em xin jd nodejs Hcm ·∫°
21,5,24-7-2022 12:54,,Cho em xin JD ReactJS ·ªü H√† N·ªôi v·ªõi ·∫°
22,5,,,"Cho em xin jd v·ªõi ·∫°, em ·ªü h√† n·ªôi"
23,5,,,Em xin jd tester ·∫°
24,5,26-7-2022 12:01,,cho em xin Fresher C/embedded ·∫°
25,5,,,Cho em xin jd tester fresher ·ªü HN v·ªõi ·∫°!
26,5,24-7-2022 01:30,,Cho em xin jd react TPHCM v·ªõi ·∫°
27,5,25-7-2022 15:22,,M√¨nh ·ª©ng tuy·ªÉn th·ª±c t·∫≠p tester v·ªõi ·∫°
28,5,,,Em xin jd ·∫°
29,5,,,E xin jd fresher reactjs ·∫°
30,5,24-7-2022 11:39,,Em xin jd tester ·∫°
31,5,,,Em xin java fresher ·ªü HCM v·ªõi ·∫°
32,5,28-7-2022 16:23,,Cho em xin th√¥ng tin v·ªõi ·∫°
33,5,27-7-2022 01:36,,em xin fresher C++ v·ªõi ·∫°
34,5,,,Cho m√¨nh xin jd v·ªõi
35,5,,,cho e h·ªèi Fresher ReactJS c√≥ ·ªü HCM k ·∫°
36,5,25-7-2022 05:15,,Xin jobs ·∫°
37,5,24-7-2022 18:07,,xin jd fresher ·ªü hcm
38,5,,,Cho em xin jd fresher nodejs v·ªõi ·∫°
39,5,25-7-2022 05:15,,Em xin jobs ·∫°
40,5,24-7-2022 08:34,,c ∆°i e xin jd fresher tester ·∫°
41,5,,,e xin jd v·ªõi ·∫°
42,5,,,Em xin jd fresher reactjs ·∫°
43,5,,,Em xin jd ·ªü HN ·∫°
44,5,24-7-2022 05:38,,e xin jd reactjs hcm ·∫°
45,5,24-7-2022 11:07,,c√≥ part time ko ·∫°
46,5,24-7-2022 08:39,,E xin jd java ·∫°
47,5,27-7-2022 01:18,,"Cho m√¨nh xin jd ReactJS, Nodejs ·ªü HN"
48,5,24-7-2022 07:40,,Em xin jd java v·ªõi ·∫°
49,5,24-7-2022 09:45,,em xin jd java ·∫°
1,7,4-9-2022 15:49,,em xin jd intern v·ªõi ·∫°
2,7,4-9-2022 23:50,,m√¨nh xin job intern v√† fresher ·∫°
3,7,,,Cho em xin jd fresher ·∫°
4,7,4-9-2022 15:43,,M√¨nh xin JD fresher back end v·ªõi ·∫°
5,7,,,cho em xin jd intern v·ªõi ·∫°
6,7,,,Cho em xin JD intern v·ªõi ·∫°
7,7,,,Em xin jd fresher flutter v·ªõi ·∫°
8,7,12-9-2022 20:29,,Em xin jd fresher v·ªõi ·∫°
9,7,,,cho em xin jd intern v·ªõi ·∫°
10,7,,,Cho em xin JD fresher v·ªõi ·∫°
11,7,,,C√≥ tuy·ªÉn FE intern k ·∫°
12,7,,,e xin jd fresher v·ªõi ·∫°
13,7,,,Cho em xin job fresher flutter ·∫°. Em c·∫£m ∆°n ·∫°!
14,7,,,cho em xin jd flutter v·ªõi ·∫°
15,7,4-9-2022 22:46,,Xin jd intern ·∫°
16,7,5-9-2022 18:46,,Cho em xin jd intern front-end ·∫°
17,7,,,Em xin job fresher v·ªõi ·∫°
18,7,,,em xin jd intern v·ªõi ·∫°
19,7,5-9-2022 14:21,,"B√™n m√¨nh v·∫´n tuy·ªÉn TTS v√† NV ch√≠nh th·ª©c v·ªÅ Game Unity nha
up to 2500$. HN"
20,7,,,Cho em xin JD intern v·ªõi ·∫°
21,7,5-9-2022 12:55,,En xin JD Flutter ·∫°
22,7,8-9-2022 14:17,,cho em xin jd v·ªõi ·∫°
23,7,4-9-2022 16:53,,Cho em h·ªèi b√™n m√¨nh tuy·ªÉn v·ªÅ m·∫£ng mobie hay web v·∫≠y ·∫° em c√≥ bi·∫øt javascript
24,7,4-9-2022 16:11,,"em xin JD ·∫°, em c·∫£m ∆°n"
25,7,5-9-2022 12:17,,Cho em xin jd v·ªõi ·∫°
26,7,4-9-2022 17:44,,D·∫° ch·ªã cho em xin JD intern ·∫°
27,7,,,Cho em xin jd v·ªõi ·∫°
28,7,4-9-2022 16:22,,Em xin JD cho intern ·∫°
29,7,,,cho em xin jd intern v·ªõi ·∫°
30,7,,,C√≥ tuy·ªÉn backend kh√¥ng ·∫°
31,7,5-9-2022 14:35,,em xin jd flutter v·ªõi ·∫°
32,7,,,em xin JD intern ·∫°
33,7,,,Cho em xin jd intern ·∫°
34,7,5-9-2022 20:50,,Cho em xin jd intern ·∫°
35,7,,,Cho em xin jd v·ªõi ·∫°
36,7,,,Em xin jd ·∫°
37,7,4-9-2022 18:45,,Em xin jd fresher ·∫°
38,7,,,cho em xin JD intern ·∫°
39,7,4-9-2022 17:01,,Em xin jd fresher v·ªõi ·∫°
40,7,,,C√≥ tuy·ªÉn FE reactjs kh√¥ng ·∫°
41,7,,,em xin jd intern ·∫°
42,7,,,Em xin jd intern ·∫°
43,7,,,Cho em xin jd ·∫°
44,7,4-9-2022 15:55,,Cho e xi jd ·∫°
45,7,4-9-2022 18:20,,Cho em xin jd Frontend ·∫°
46,7,,,Cho em xin jd fresher
47,7,,,Em xin jd ·∫°
48,7,,,E xin jd intern flutter ·∫°
49,7,,,Em xin jd fresher ·∫°
50,7,,,Cho em xin jd intern v·ªõi ·∫°
51,7,,,Cho em xin jd php fresher v·ªõi ·∫°
52,7,,,Xin job
53,7,,,c√≤n tuy·ªÉn intern java k
54,7,,,Em xin jd intern flutter ·∫°
55,7,,,Em xin id intern v·ªõi ·∫°
56,7,,,Min xin job fresher
57,7,6-9-2022 23:03,,"ùëÆùíìùíêùíñùíë ùíÑùíâùíäùíÇ ùíîùíÜÃâ ùíåùíäùíèùíâ ùíèùíàùíâùíäùíÜÃ£ÃÇùíé ùíâùíêÃ£ùíÑ ùë∞ùëª ‚Äì ùëªùíÇÃÄùíä ùíçùíäùíÜÃ£ÃÇùíñ ùíâùíêÃ£ùíÑ ùíïùíÇÃ£ÃÇùíë ùë∞ ‚Äì ùë™ùíâùíäùíÇ ùíîùíÜÃâ ùë±ùíêùíÉùíî ùë∞ùëª ùíÑùíâùíê ùë®ùë¨
https://www.facebook.com/groups/808459113862196"
58,7,,,em xin jd intern v·ªõi ·∫°
59,7,3-10-2022 16:11,,"[Nam T·ª´ Li√™m] C·∫ßn tuy·ªÉn g·∫•p Fresher NodeJS, Android t·ª´ 6 th√°ng KN. Offer: 10-15M + th∆∞·ªüng + benefits. T·ªïng thu nh·∫≠p ƒë·∫øn 14 th√°ng l∆∞∆°ng. IB nh·∫≠n JD"
60,7,,,D·∫° cho em xin jd v·ªõi ·∫°
61,7,,,"Da em chao anh a, cho em xin JD voi a"
62,7,4-9-2022 15:46,,cho em xin jd front-end v·ªõi ·∫°
63,7,,,cho em xin jd intern java v·ªõi ·∫°
64,7,4-9-2022 15:50,,cho em xin Jd Fresher front end v·ªõi a
65,7,,,xin jd fresher ·∫°
66,7,,,cho em xin jd java intern ·∫°
67,7,,,xin jd backend ·∫°
68,7,4-9-2022 16:48,,cho em xin jd java v·ªõi ·∫°
69,7,4-9-2022 16:10,,M√¨nh xin jd
70,7,4-9-2022 15:12,,C√≥ JD Fresher hong ·∫°? Cho em xin JD v·ªõi ·∫°!
1,8,27-9-2022 19:18,,xin jd FE ·∫°
2,8,26-9-2022 16:22,,em xin jd fe ·∫°
3,8,26-9-2022 11:01,,em xin jd front end ·∫°
4,8,28-9-2022 13:52,,Xin jd fond end ·∫°
5,8,26-9-2022 00:07,,e xin jd java
6,8,,,E xin jd java ·∫°
7,8,,,em xin jd nodejs v·ªõi ·∫°
8,8,,,e xin jd java
9,8,,,Em xin fe ·∫°
10,8,26-9-2022 10:35,,em xin front end ·∫°
11,8,,,em xin jd FE ·∫°
12,8,,,E xin jd ·∫°
13,8,26-9-2022 19:39,,Em xin jd ·∫°
14,8,,,Em xin jd frontend ·∫°
15,8,,,Em xin jd frontend ·∫°
16,8,24-9-2022 12:54,,"[THANH TR√å,HN] FOFF TUY·ªÇN C++ DEV
Y√™u c·∫ßu kinh nghi·ªám t·ª´ 2-3 nƒÉm, c√≥ ki·∫øn th·ª©c ph√°t tri·ªÉn Unreal l√† 1 l·ª£i th·∫ø.
Th·ªùi gian l√†m vi·ªác: T·ª´ 8h-17h30, T2 ƒë·∫øn T7‚Ä¶ Xem th√™m"
17,8,27-9-2022 16:45,,"HOT JOB TH√ÅNG 09
/-heart Tuy·ªÉn g·∫•p l·∫≠p tr√¨nh JavaScript/TypeScript
/-ok L∆∞∆°ng up theo nƒÉng l·ª±c
‚Ä¶ Xem th√™m"
18,8,,,em xin jd java ·∫°
19,8,3-10-2022 16:11,,"[Nam T·ª´ Li√™m] C·∫ßn tuy·ªÉn g·∫•p Fresher NodeJS, Android t·ª´ 6 th√°ng KN. Offer: 10-15M + th∆∞·ªüng + benefits. T·ªïng thu nh·∫≠p ƒë·∫øn 14 th√°ng l∆∞∆°ng. IB nh·∫≠n JD"
20,8,,,E xin jd fe ·∫°
1,9,22-9-2022 08:17,,e xin jd java
2,9,23-9-2022 07:18,,Xin jd intern ·∫°
3,9,24-9-2022 20:27,,em xin jd v·ªõi ·∫°
4,9,22-9-2022 15:29,,e xin jd nodejs ·∫°
5,9,21-9-2022 20:31,,Em xin jd fresher fe ·∫°
6,9,22-9-2022 14:50,,xin jd fresher nodejs ·∫°
7,9,21-9-2022 19:27,,e xin job nodejs ·∫°
8,9,22-9-2022 18:40,,Em xin front end ·∫°
9,9,21-9-2022 22:45,,em xin jd frontend ·∫°
10,9,22-9-2022 11:42,,E xin jd frontend ·∫°
11,9,21-9-2022 18:36,,E xin jd tts fe ·∫°
12,9,21-9-2022 22:19,,em xin job FrontEnd ·∫°
13,9,22-9-2022 11:17,,Em xin jd fresher java
14,9,21-9-2022 23:51,,Em xin jd frontend ·∫°
15,9,22-9-2022 10:25,,em xin jd java ·∫°
16,9,23-9-2022 10:55,,E xin jd frontend ·∫°
17,9,22-9-2022 16:19,,em xin JD java v·ªõi ·∫°.
18,9,21-9-2022 18:01,,Cho em xin job intern Front End v·ªõi ·∫°
19,9,22-9-2022 16:15,,e xin jd tts fe ·∫°
20,9,21-9-2022 17:13,,Em xin jd Fresher FE ·∫°
21,9,21-9-2022 17:26,,ib ·∫°
22,9,,,em xin jd fresher java ·∫°
23,9,,,em xin jd nodejs v·ªõi ·∫°
24,9,,,Em xin jd fresher fe ·∫°
25,9,,,em xin jd v·ªõi ·∫°
26,9,,,E Xin jd node js ·∫°
27,9,,,Em xin jd fresher java an
28,9,,,e xin jd nodejs ·∫°
29,9,24-9-2022 23:57,,e xin jd Fresher FE ·∫°
30,9,22-9-2022 13:03,,e xin jd fe vs ah
31,9,3-10-2022 17:12,,ch·∫•m
32,9,,,.
33,9,,,e xin jd front-end ·∫°
34,9,3-10-2022 16:11,,"[Nam T·ª´ Li√™m] C·∫ßn tuy·ªÉn g·∫•p Fresher NodeJS, Android t·ª´ 6 th√°ng KN. Offer: 10-15M + th∆∞·ªüng + benefits. T·ªïng thu nh·∫≠p ƒë·∫øn 14 th√°ng l∆∞∆°ng. IB nh·∫≠n JD"
35,9,,,.
1,10,6-10-2022 18:21,,Em xin jd ·∫°
2,10,6-10-2022 11:21,,M√¨nh xin jd ·∫°
3,10,,,e xin jd ·∫°
4,10,,,em xin jd aÃ£
5,10,7-10-2022 17:03,,E xin jd ·∫°
6,10,,,.
1,11,8-10-2022 13:13,,H√≥ng
2,11,6-10-2022 14:04,,E xin jd ·∫°
3,11,6-10-2022 12:07,,E xin jd ·∫°
4,11,5-10-2022 22:41,,Em xin jd vs ·∫°
5,11,6-10-2022 09:37,,"Tham Gia Kh√≥a ùìúùì≤ùìÆÃÇÃÉùì∑ ùìüùì±ùì≤ÃÅ LOW CODE
C∆° h·ªôi d√†nh th√™m h·ªçc b·ªïng tr·ªã gi√° 3 tri·ªáu ƒë·ªìng.
Th∆∞·ªüng th√†nh t√≠ch chuy√™n c·∫ßn 500k/h·ªçc vi√™n khi ho√†n th√†nh kh√≥a h·ªçc.
Khai gi·∫£ng‚Ä¶ Xem th√™m"
6,11,,,mentor h∆∞·ªõng d·∫´n trong qu√° tr√¨nh ƒë√†o t·∫°o
7,11,,,e xin jd ·∫°
8,11,5-10-2022 22:49,,Cho e xin jd a
9,11,6-10-2022 09:35,,Em xin jd vs ·∫°
10,11,8-10-2022 22:06,,Link JD v√† ·ª©ng tuy·ªÉn https://mily.vn/UCjhHPr
11,11,,,Em xin jd v·ªõi ·∫°
12,11,8-10-2022 16:55,,Link JD v√† ·ª©ng tuy·ªÉn: https://mily.vn/UCjhHPr
13,11,,,Em xin jd ·∫°
14,11,6-10-2022 00:41,,Em xin jd ·∫°
15,11,5-10-2022 23:46,,Xin jd aÃ£
16,11,11-10-2022 21:30,,link JD v√† ·ª©ng tuy·ªÉn://mily.vn/U7KN9md
17,11,5-10-2022 22:21,,Link JD v√† ·ª©ng tuy·ªÉn: https://mily.vn/UCjhHPr
1,12,30-7-2022 13:38,,E xin job fresher java ·∫°
2,12,,,Em xin jd intern ios ·∫°
3,12,,,cho em xin jd fresher java
4,12,,,Cho em xin jd .Net v·ªõi ·∫°
5,12,,,"Cho em xin jod C#,.Net v·ªõi ·∫°"
6,12,,,"em xin jd c#,.net ·∫°"
7,12,,,Em xin jd c# v·ªõi ·∫°
8,12,31-7-2022 10:12,,E xin jd php voi ·∫°
9,12,,,Em xin jd vs ·∫°
10,12,,,em xin jd reactjs ·∫°
11,12,,,e xin jd reactjs ·∫°
12,12,30-7-2022 12:01,,em xin jd java v·ªõi ·∫°
13,12,30-7-2022 07:33,,Cho m√¨nh xin jd ReactJS v·ªõi ·∫°
14,12,29-7-2022 23:55,,e xin JD fresher PHP ·∫°
15,12,30-7-2022 01:21,,Em xin jd fresher php
16,12,30-7-2022 06:09,,E xin jd fresher php ·∫°
17,12,31-7-2022 10:41,,Em xin jd reactjs ·∫°
18,12,,,Ch·ªã cho em xin jd java v·ªõi ·∫°
19,12,,,e xin jd Fresher php v√† java ·∫°
20,12,,,cho m√¨nh xin th√™m th√¥ng tin jd reactjs v·ªõi a
21,12,31-7-2022 13:27,,"PT.Trang + 31/7
C√îNG VI·ªÜC L√ÇU D√ÄI_·ªîN ƒê·ªäNH
THU NH·∫¨P 300K - 500K
AN TO√ÄN V√Ä B·∫¢O M·∫¨T
KI·∫æM TI·ªÄN NGAY T·∫†I NH√Ä
C∆† H·ªòI TH√äM THU NH·∫¨P CHO NG∆Ø·ªúI BI·∫æT N·∫ÆM B·∫ÆT !!
ƒê·∫£m b·∫£o an to√†n uy t√≠n 100%
Link telegram.: https://t.me/+MSkH8gxxeFczYzE1"
1,13,17-7-2022 10:43,,cho em xin jd v·ªõi ·∫°
2,13,17-7-2022 14:03,,Em xin jd v·ªõi ·∫°
3,13,17-7-2022 11:18,,e xin jd v·ªõi ·∫°
4,13,17-7-2022 12:46,,em xin jd v·ªõi ·∫°
5,13,17-7-2022 12:15,,Em xin jd v·ªõi ·∫°
6,13,29-7-2022 16:37,,Cho em xin JD ·∫°
7,13,,,cho em xin jd ·∫°
8,13,,,Em xin jd v·ªõi ·∫°
9,13,,,em xin jd
10,13,18-7-2022 05:50,,Em xin jd v·ªõi ·∫°
11,13,19-7-2022 08:19,,Em xin jd v·ªõi ·∫°
12,13,,,E xin jd ·∫°
13,13,,,xin jd ·∫°
14,13,,,cho em xin jd v·ªõi ·∫°
15,13,,,Em xin JD v·ªõi ·∫°
16,13,,,Em xin jd v·ªõi ·∫°
17,13,17-7-2022 09:17,,cho em xin jd
18,13,,,Cho em xin jd vs nhen a
19,13,17-7-2022 11:50,,Em xin jd vs ·∫°
20,13,17-7-2022 21:44,,Em xin jd v·ªõi ·∫°
21,13,18-7-2022 00:44,,Em xin jd v·ªõi ·∫°
22,13,17-7-2022 11:13,,Em xin jd ·∫°
23,13,17-7-2022 16:42,,Cho em xin jd v·ªõi ·∫°
24,13,21-7-2022 00:08,,cho em xin jd v·ªõi ·∫°
25,13,,,Xin jd ·∫°
26,13,,,Em xin jd v·ªõi ·∫°
27,13,19-7-2022 00:44,,cho em xin jd v·ªõi ·∫°
28,13,,,E xin jd v·ªõi ·∫°
29,13,,,E xin jd vs ·∫°
30,13,18-7-2022 10:28,,Em xin jd intern v·ªõi ·∫°
31,13,,,Cho e xin jd ·∫°
32,13,21-7-2022 11:04,,E xin jd v·ªõi ·∫°
33,13,,,Cho em xin jd v·ªõi ·∫°
34,13,19-7-2022 19:06,,Cho em xin JD ·∫°
35,13,,,em xin jd
36,13,17-7-2022 13:41,,cho em xin jd voi a
37,13,17-7-2022 14:25,,Cho Em xin JD ·∫°
38,13,17-7-2022 16:43,,cho em xin jd v∆°i ·∫°
39,13,20-7-2022 21:19,,cho em xin jd ·∫°
40,13,,,Cho em xin jd nha
41,13,17-7-2022 13:12,,em xin jd
42,13,18-7-2022 13:57,,Cho em xin jd v·ªõi ·∫°
43,13,,,cho e xin jd v·ªõi ·∫°
44,13,17-7-2022 11:04,,Xin jd vs ·∫°
45,13,17-7-2022 19:42,,Em xin jd ·∫°
46,13,20-7-2022 08:26,,Cho xin jd ·∫°
47,13,,,Cho em xin JD ·∫°
48,13,,,cho em xin jd ·∫°
49,13,,,em xin jb ·∫°
50,13,18-7-2022 09:51,,Cho em xin th√¥ng tin ·∫°
51,13,,,Cho em xin jd
52,13,18-7-2022 12:07,,em xin jd ·∫°
53,13,,,Em xin jd
54,13,,,xin jd vs ·∫°
55,13,18-7-2022 12:57,,cho em xin jd ·∫°
56,13,,,Xin jd ·∫°
57,13,,,cho em xin jd v·ªõi ·∫°
58,13,,,Em xin jd v·ªõi ·∫°
59,13,,,em xin jd ·∫°
60,13,17-7-2022 23:19,,Cho e xin JD v·ªõi ·∫°
61,13,3-10-2022 16:11,,"[Nam T·ª´ Li√™m] C·∫ßn tuy·ªÉn g·∫•p Fresher NodeJS, Android t·ª´ 6 th√°ng KN. Offer: 10-15M + th∆∞·ªüng + benefits. T·ªïng thu nh·∫≠p ƒë·∫øn 14 th√°ng l∆∞∆°ng. IB nh·∫≠n JD"
62,13,,,"[HCM - Online] MindX tuy·ªÉn d·ª•ng Gi·∫£ng vi√™n/ Tr·ª£ gi·∫£ng L·∫≠p tr√¨nh
ƒê√£i ng·ªô l√™n ƒë·∫øn 300k/ bu·ªïi/ 2 ti·∫øng
Inb ho·∫∑c cmt ƒë·ªÉ nh·∫≠n JD"
63,13,,,Xin jd ·∫°
64,13,17-7-2022 16:55,,em xin jd ·∫°
65,13,,,Cho e xin jd vs ·∫°
66,13,,,Cho e xin jd vs ·∫°
67,13,17-7-2022 12:41,,Xin jd
1,14,21-7-2022 21:53,,Em xin job parttime .net ·∫°
2,14,22-7-2022 10:30,,Em xin job fresher tester v·ªõi ·∫°
3,14,31-7-2022 11:05,,em xin job fresher tester v·ªõi ·∫°
4,14,21-7-2022 22:08,,Em xin job l·∫≠p tr√¨nh website ·∫°
5,14,2-8-2022 11:03,,cho e xin JD v·ªÅ data v·ªõi ·∫°
6,14,23-7-2022 11:08,,"SALEWORK tuy·ªÉn d·ª•ng FULLSTACK DEV
Quy·ªÅn l·ª£i:
‚Ä¢ L∆∞∆°ng c·ª©ng 20 ‚Äì 35 tri·ªáu /th√°ng. Th∆∞·ªüng hi·ªáu qu·∫£ c√¥ng vi·ªác theo th√°ng. X√©t tƒÉng 2 l·∫ßn/ nƒÉm.‚Ä¶ Xem th√™m"
7,14,,,em xin job tester ·∫°
8,14,23-7-2022 11:36,,Em xin JD Manual Tester v·ªõi ·∫°
9,14,21-7-2022 23:03,,Em xin jd l·∫≠p tr√¨nh web ·∫°
10,14,22-7-2022 23:49,,Em xin job tester ·∫°
11,14,30-7-2022 12:48,,cho em xin job .net v·ªõi ·∫°
12,14,,,Em xin jd Fresher tester ·∫°
13,14,21-7-2022 19:21,,Em xin jd python v·ªõi ·∫°
14,14,21-7-2022 19:59,,Em xin jd tester ·∫°
15,14,21-7-2022 19:12,,Xin jd tester ·∫°
16,14,21-7-2022 21:57,,em xin jd tester ·∫°
17,14,21-7-2022 23:33,,Em xin jd front-end ·∫°
18,14,21-7-2022 18:26,,"VNPT-IT Careers ch·ªët h·ªì s∆° cu·ªëi m·ªói th√°ng nha c√°c b·∫°n ∆°i, nhanh tay apply nh√©"
19,14,,,em xin jd part time java ·∫°
20,14,22-7-2022 07:20,,Cho em xin jd v·ªã tr√≠ nodejs v·ªõi ·∫°
21,14,21-7-2022 21:22,,Cho em xin JD Nodejs v·ªõi ·∫°
22,14,21-7-2022 20:49,,m√¨nh c√≥ tuy·ªÉn th·ª±c t·∫≠p sinh kh√¥ng ·∫°
23,14,21-7-2022 20:02,,Em xin jd python ·∫°
24,14,,,E xin jd java ·∫° thanks cj
25,14,,,E xin jd ·∫°
26,14,,,M√¨nh xin jd flutter v√† tester vs ·∫°
27,14,21-7-2022 21:54,,em xin jd fresher tester ·∫°
28,14,25-7-2022 14:44,,M√¨nh mu·ªën t√¨m hi·ªÉu v·ªÅ AI intern ·∫°.
29,14,31-7-2022 15:16,,em xin jd flutter v·ªõi ·∫°
30,14,21-7-2022 21:26,,Xin jd nodejs ·ªü hcm ·∫°
31,14,22-7-2022 10:15,,Xin job .net hcm ·∫°
32,14,24-7-2022 14:17,,- ch·ªã check ib em v·ªõi ·∫°
33,14,,,M√¨nh xin JD Fresher Frontend v·ªõi ·∫°
34,14,21-7-2022 23:20,,E xin jd java v·ªõi ·∫°
35,14,,,em xin jd flutter v·ªõi ·∫°
36,14,,,e xin jd AICV (H√† N·ªôi) ·∫°
37,14,,,Em xin jd AI CV ·∫°!
38,14,31-7-2022 11:51,,E xin jd part time php ·∫°
39,14,21-7-2022 20:31,,Em xin jd nodejs ·∫°
40,14,21-7-2022 19:58,,e xin jd flutter ·∫°
41,14,22-7-2022 09:39,,Em xin jd nodejs ·∫°
42,14,21-7-2022 20:13,,E xin jd ·∫°
43,14,22-7-2022 07:14,,Em xin JD Test ·∫°
44,14,24-7-2022 16:55,,Cho e cin jd v·ªõi ·∫°
45,14,22-7-2022 01:36,,Cho em xin jd Fresher android v·ªõi ·∫°
46,14,22-7-2022 11:42,,Em xin jd flutter v·ªõi ·∫°
47,14,22-7-2022 10:55,,"TUY·ªÇN G·∫§P ƒêI L√ÄM TRONG TH√ÅNG 7
C√¥ng ty CP ATA HOLDINGS chuy√™n v·ªÅ chƒÉm s√≥c s·ª©c kho·∫ª, s·∫Øc ƒë·∫πp v√† y t·∫ø ƒëang c·∫ßn tuy·ªÉn g·∫•p v·ªã tr√≠ Nh√¢n vi√™n IT l√†m vi·ªác t·∫°i tr·ª• s·ªü ch√≠nh c√≥ ƒë·ªãa ch·ªâ t·∫°i H√†m Nghi, C·∫ßu Di·ªÖn, Nam T·ª´ Li√™m, H√† N·ªôi.
M·ª©c l∆∞∆°ng 10.000.000-‚Ä¶ Xem th√™m"
48,14,,,Cho e xin jd flutter v·ªõi ·∫°
49,14,,,Xin jd Python
50,14,21-7-2022 18:26,,Em xin jd lt php v·ªõi flutter v·ªõi ·∫°
51,14,11-8-2022 19:53,,em xin jd fresher flutter ·∫°
52,14,,,Em xin JD .Net ·∫°
53,14,22-7-2022 16:01,,Cho e xin jd Frontend ·∫°
54,14,,,E xin jd php ·∫°
55,14,21-7-2022 23:18,,ch·ªã cho em xin JD c·ªßa AI v·ªõi ·∫°. em c√°m ∆°n ch·ªã
56,14,25-7-2022 17:00,,"Chuy·ªÉn ngh·ªÅ L·∫¨P TR√åNH l√†m m·ªôt TESTER - CHUY√äN VI√äN KI·ªÇM TH·ª¨ PH·∫¶N M·ªÄM chuy√™n nghi·ªáp. C∆° h·ªôi CHUY·ªÇN NGH·ªÄ cho c√°c ·ª©ng vi√™n TR√ÅI NG√ÄNH.
B·∫°n n√†o mu·ªën ƒë∆∞·ª£c ƒë√†o t·∫°o TESTER & CAM K·∫æT VI·ªÜC L√ÄM trong c√°c c√¥ng ty IT H√† N·ªôi th√¨ ib m√¨nh nh√©!‚Ä¶ Xem th√™m"
57,14,,,Em xin jd IOS HCM ·∫°
58,14,26-7-2022 10:50,,E xin jd react vs ah
59,14,22-7-2022 10:52,,em xin jd AI v√† Data v·ªõi ·∫°
60,14,26-7-2022 10:08,,Ki√™n Ng√¥ ch·ªã cho em xin jd ·∫°
61,14,,,M√¨nh xin jd .Net
62,14,22-7-2022 11:55,,Cho em xin JD Manual Tester ·∫°
63,14,25-7-2022 15:33,,Thu Ph∆∞∆°ng n√†y em
64,14,,,Em xin jd DE v·ªõi ·∫°
65,14,21-7-2022 19:55,,em xin jd java ·∫°
66,14,30-7-2022 23:40,,Em xin JD job Data Engineer ·∫°
67,14,21-7-2022 18:59,,e xin jd tts java ·ªü hn ·∫°
68,14,21-7-2022 21:57,,em xin jd hcm
69,14,26-7-2022 17:08,,"M√¥ t·∫£ c√¥ng vi·ªác:
* ƒê√†o t·∫°o ki·∫øn th·ª©c n·ªÅn .Net core/ MySQL
* ƒê√†o t·∫°o ki·∫øn th·ª©c v·ªÅ CSDL (MySQl, SQL Server)‚Ä¶ Xem th√™m"
70,14,,,em xin jd part time nodejs ·∫°
71,14,28-7-2022 19:44,,b·∫£ng ƒëi·ªÉm h·ªá 4 hay 10 ·∫°
72,14,,,.
73,14,5-10-2022 01:07,,E xin ƒë∆°n v·ªõi
74,14,,,E xin jd FE ·∫°
1,15,10-2-2022 16:37,,cho em xin JD .NET z·ª©i ·∫°
2,15,12-2-2022 23:04,,A ∆°i e xin JD v·ªã tr√≠ Data engineer v√† Outsystems ·∫°
3,15,11-2-2022 11:00,,Em xin job Fresher java v·ªõi ·∫°
4,15,26-3-2022 07:19,,em xin fresher c c++ v·ªõi ·∫°
5,15,12-2-2022 15:22,,em xin jd tester v·ªõi ·∫°
6,15,12-2-2022 21:17,,em xin jd tester v·ªõi ·∫°
7,15,7-3-2022 08:20,,Em xin jd v·ªã tr√≠ angular ·∫°
8,15,14-2-2022 21:44,,Cho e xin JD.Application security v·ªõi ·∫°
9,15,,,cho em xin JD viÃ£ triÃÅ Fresher DevOps v∆°ÃÅi aÃ£
10,15,13-2-2022 21:08,,cho em xin JD BA (v·ªã tr√≠ th·ª±c t·∫≠p) ·∫°
11,15,11-2-2022 06:40,,Em xin jd data engineer v·ªõi.
12,15,10-2-2022 23:37,,Cho e xin jd tester v·ªõi ah
13,15,,,Em xin Jd font-end v·ªõi ·∫°
14,15,,,Em xin JD Tester v·ªõi ·∫°
15,15,13-2-2022 02:14,,Em xin jd tester ·∫°
16,15,11-2-2022 09:22,,Cho m√¨nh xin JD Front-end nh√©!
17,15,11-2-2022 10:48,,Em xin JD Tester ·∫°
18,15,12-2-2022 11:07,,e xin jd DE v·ªõi ·∫°
19,15,,,em xin jd tester a
20,15,12-2-2022 01:43,,Em xin jd tester vs ·∫°
21,15,8-3-2022 09:20,,Em xin jd fresher automation test v·ªõi ·∫°
22,15,26-3-2022 07:35,,em xin fresher c/c++ v·ªõi ·∫°
23,15,11-2-2022 00:48,,Em xin java ·∫°
24,15,,,c√≤n job n√†o cho C# HCM kh√¥ng ·∫°.
25,15,18-3-2022 15:54,,"d·∫° c√≤n tuy·ªÉn k ·∫°, anh cho e xin JD fresher tester v·ªõi ·∫°"
26,15,7-3-2022 15:00,,Em xin JD Flutter ·∫°
27,15,13-2-2022 19:15,,xin jd java v·ªõi ·∫°
28,15,,,Cho em xin jd fresher devops ·∫°
29,15,11-2-2022 13:35,,em xin JD fresher C/Embedded ·∫°
30,15,14-2-2022 11:18,,Cho e xin jd vs ah
31,15,28-2-2022 16:35,,Em xin jd Java v·ªõi iOS ·∫°
32,15,,,e xin jd android ·∫°
33,15,13-2-2022 20:12,,Xin jd flutter ·∫°
34,15,11-2-2022 09:04,,Cho em xin jd frontend v·ªõi ·∫°
35,15,14-2-2022 09:19,,Em xin jd java ·∫°
36,15,11-2-2022 21:59,,cho em xin jd java ·∫°
37,15,7-3-2022 00:51,,BA ti·∫øng nh·∫≠t c√≥ tuy·ªÉn internship kh√¥ng ·∫° ?
38,15,13-2-2022 13:16,,em xin jd flutter ·∫°
39,15,17-2-2022 15:03,,cho em xin JD flutter ·∫°
40,15,11-2-2022 18:09,,em xin jd .Net ·∫°
41,15,18-3-2022 16:16,,E xin jd Data Engineer ·∫°
42,15,1-4-2022 08:37,,E xin jd php v·ªõi ·∫°
43,15,13-2-2022 02:11,,Em xin jd Fr C# v·ªõi ·∫°
44,15,11-2-2022 14:24,,Qu√Ω c√¥ng ty c√≥ ch·∫•p nh·∫≠n CV c·ªßa ng∆∞·ªùi chuy·ªÉn ngh·ªÅ ko ·∫°
45,15,11-2-2022 10:06,,Cho em xin JD Front-end ·∫°
46,15,11-2-2022 10:52,,E xin jd tester v√† BA v·ªõi ·∫°
47,15,2-6-2022 20:38,,b·∫°n check ib m√¨nh v·ªõi nh√©
48,15,,,.
49,15,,,.
50,15,11-2-2022 13:53,,.
51,15,11-2-2022 13:16,,Cho em xin JD data engineer v·ªõi.
52,15,11-2-2022 13:54,,Cho em xin jd data engineering v·ªõi ·∫°
53,15,24-2-2022 16:21,,cho e xin jd fresher data engineer ·∫°
54,15,7-3-2022 08:16,,cho e xin jd fresher Flutter vs ·∫°
55,15,17-2-2022 21:46,,cho e xin jd .net vs ·∫°
56,15,10-2-2022 23:11,,e xin jd php
1,16,11-9-2022 11:15,,Em xin jd python v·ªõi ·∫°
2,16,9-9-2022 21:50,,Em xin jd Reactjs
3,16,12-9-2022 17:06,,"[VietIS, Duy T√¢n] C·∫ßn tuy·ªÉn Fresher Java, Fresher python (django). C√≥ kn t·ª´ 3 - 6 th√°ng kinh nghi·ªám th·ª±c t·∫≠p ho·∫∑c l√†m ƒë·ªì √°n. C√≥ th·ªÉ l√†m fulltime. ƒê∆∞·ª£c ƒë√†o t·∫°o b√†i b·∫£n t·ª´ ƒë·∫ßu v·ªõi thu nh·∫≠p upto 10M. Inb nh·∫≠n JD ·∫°"
4,16,,,e xin jd c·ªßa ReactJs v·ªõi ·∫°
5,16,10-9-2022 07:11,,em xin jd c/c++ ·∫°
6,16,14-9-2022 16:11,,em xin INTERN Reactjs v·ªõi ·∫°
7,16,9-9-2022 17:02,,em xin jd ReactJs v·ªõi ·∫°
8,16,19-9-2022 11:53,,Em xin jd reactjs v·ªõi ·∫°
9,16,,,cho em xin jd C/C++ v·ªõi ·∫°
10,16,11-9-2022 20:02,,em xin jd reactjs intern voi ·∫°
11,16,,,Em xin js react ·∫°
12,16,9-9-2022 12:07,,em xin jd ReactJs v·ªõi ·∫°
13,16,12-9-2022 02:54,,Em xin jd Python vs ·∫°
14,16,,,Em xin jd intern reactjs v·ªõi ·∫°
15,16,,,em xin jd ·∫°
16,16,12-9-2022 11:58,,em xin jd ReactJs v·ªõi ·∫°
17,16,,,cho e xin jd reactjs
18,16,9-9-2022 13:12,,Em xin jd
19,16,9-9-2022 13:47,,Em xin jd intern reactjs ·∫°
20,16,9-9-2022 18:19,,em xin jd intern ReactJS ·∫°
21,16,13-9-2022 19:11,,Em xin jod c/c++
22,16,12-9-2022 14:12,,em xin jd ReactJS ·∫°
23,16,,,Em xin jd react ·∫°
24,16,10-9-2022 15:29,,Em xin jd Reactjs ·∫°
25,16,9-9-2022 14:43,,Em xin jd intern reactjs ·∫°
26,16,9-9-2022 15:04,,Cho e xin jd fresher react ·∫°
27,16,9-9-2022 15:59,,Em xin job reactjs intern
28,16,,,c check ib e vs ·∫°
29,16,9-9-2022 16:28,,t∆∞ v·∫•n em react js v·ªõi ·∫°
30,16,12-9-2022 04:37,,Cho em xin JD ReactJS ·∫°
31,16,13-9-2022 20:09,,Cho e xin jd intern ReactJS ·∫°
32,16,,,Em xin Jd Intern Reactjs ·∫°
33,16,12-9-2022 23:33,,Cho em xin jd reactjs v·ªõi ·∫°
34,16,,,Em xin jd intern React ·∫°
35,16,9-9-2022 12:00,,inbx em vs ·∫°
36,16,9-9-2022 15:47,,E xin jd reactjs ·∫°
37,16,9-9-2022 19:10,,Em xin jd reactjs ·∫°
38,16,15-9-2022 23:59,,cho e xin jd react ·∫°
39,16,10-9-2022 12:16,,Em xin jd intern reactjs
40,16,10-9-2022 14:42,,Em xin jd reactjs vs ·∫°
41,16,9-9-2022 11:28,,em xin jd fresher reactjs ·∫°
42,16,9-9-2022 10:31,,ib
43,16,9-9-2022 19:37,,"[H√† N·ªôi] AION tuy·ªÉn d·ª•ng
1. Senior Backend Developer (.NET) ( 18 - 25 tri·ªáu + th∆∞·ªüng)
2. Middle Backend Developer (.NET) ( 15 - 25 tri·ªáu + th∆∞·ªüng)‚Ä¶ Xem th√™m"
44,16,9-9-2022 19:36,,"Bluecyber c·∫ßn tuy·ªÉn [H√† N·ªôi]
Fullstack Tech Leader 2 - 3 nƒÉm kinh nghi·ªám
Quy·ªÅn l·ª£i:‚Ä¶ Xem th√™m"
45,16,,,em xin jd v·ªõi ·∫°
46,16,10-9-2022 08:41,,Em xin JD ReactJs v·ªõi ·∫°
47,16,10-9-2022 19:09,,Em xin jd reactjs ·∫°
48,16,10-9-2022 15:40,,Em xin reactjs v·ªõi ·∫°
49,16,10-9-2022 15:55,,Em xin jd Reactjs
50,16,19-9-2022 14:50,,.
1,17,11-9-2022 11:15,,Em xin jd python v·ªõi ·∫°
2,17,9-9-2022 21:50,,Em xin jd Reactjs
3,17,12-9-2022 17:06,,"[VietIS, Duy T√¢n] C·∫ßn tuy·ªÉn Fresher Java, Fresher python (django). C√≥ kn t·ª´ 3 - 6 th√°ng kinh nghi·ªám th·ª±c t·∫≠p ho·∫∑c l√†m ƒë·ªì √°n. C√≥ th·ªÉ l√†m fulltime. ƒê∆∞·ª£c ƒë√†o t·∫°o b√†i b·∫£n t·ª´ ƒë·∫ßu v·ªõi thu nh·∫≠p upto 10M. Inb nh·∫≠n JD ·∫°"
4,17,,,e xin jd c·ªßa ReactJs v·ªõi ·∫°
5,17,10-9-2022 07:11,,em xin jd c/c++ ·∫°
6,17,14-9-2022 16:11,,em xin INTERN Reactjs v·ªõi ·∫°
7,17,9-9-2022 17:02,,em xin jd ReactJs v·ªõi ·∫°
8,17,19-9-2022 11:53,,Em xin jd reactjs v·ªõi ·∫°
9,17,,,cho em xin jd C/C++ v·ªõi ·∫°
10,17,11-9-2022 20:02,,em xin jd reactjs intern voi ·∫°
11,17,,,Em xin js react ·∫°
12,17,9-9-2022 12:07,,em xin jd ReactJs v·ªõi ·∫°
13,17,12-9-2022 02:54,,Em xin jd Python vs ·∫°
14,17,,,Em xin jd intern reactjs v·ªõi ·∫°
15,17,,,em xin jd ·∫°
16,17,12-9-2022 11:58,,em xin jd ReactJs v·ªõi ·∫°
17,17,,,cho e xin jd reactjs
18,17,9-9-2022 13:12,,Em xin jd
19,17,9-9-2022 13:47,,Em xin jd intern reactjs ·∫°
20,17,9-9-2022 18:19,,em xin jd intern ReactJS ·∫°
21,17,13-9-2022 19:11,,Em xin jod c/c++
22,17,12-9-2022 14:12,,em xin jd ReactJS ·∫°
23,17,,,Em xin jd react ·∫°
24,17,10-9-2022 15:29,,Em xin jd Reactjs ·∫°
25,17,9-9-2022 14:43,,Em xin jd intern reactjs ·∫°
26,17,9-9-2022 15:04,,Cho e xin jd fresher react ·∫°
27,17,,,Em xin job reactjs intern
28,17,9-9-2022 11:03,,c check ib e vs ·∫°
29,17,9-9-2022 16:28,,t∆∞ v·∫•n em react js v·ªõi ·∫°
30,17,12-9-2022 04:37,,Cho em xin JD ReactJS ·∫°
31,17,13-9-2022 20:09,,Cho e xin jd intern ReactJS ·∫°
32,17,,,Em xin Jd Intern Reactjs ·∫°
33,17,12-9-2022 23:33,,Cho em xin jd reactjs v·ªõi ·∫°
34,17,,,Em xin jd intern React ·∫°
35,17,9-9-2022 12:00,,inbx em vs ·∫°
36,17,9-9-2022 15:47,,E xin jd reactjs ·∫°
37,17,9-9-2022 19:10,,Em xin jd reactjs ·∫°
38,17,15-9-2022 23:59,,cho e xin jd react ·∫°
39,17,10-9-2022 12:16,,Em xin jd intern reactjs
40,17,10-9-2022 14:42,,Em xin jd reactjs vs ·∫°
41,17,9-9-2022 11:28,,em xin jd fresher reactjs ·∫°
42,17,9-9-2022 10:31,,ib
43,17,9-9-2022 19:37,,"[H√† N·ªôi] AION tuy·ªÉn d·ª•ng
1. Senior Backend Developer (.NET) ( 18 - 25 tri·ªáu + th∆∞·ªüng)
2. Middle Backend Developer (.NET) ( 15 - 25 tri·ªáu + th∆∞·ªüng)‚Ä¶ Xem th√™m"
44,17,9-9-2022 19:36,,"Bluecyber c·∫ßn tuy·ªÉn [H√† N·ªôi]
Fullstack Tech Leader 2 - 3 nƒÉm kinh nghi·ªám
Quy·ªÅn l·ª£i:‚Ä¶ Xem th√™m"
45,17,,,em xin jd v·ªõi ·∫°
46,17,10-9-2022 08:41,,Em xin JD ReactJs v·ªõi ·∫°
47,17,10-9-2022 19:09,,Em xin jd reactjs ·∫°
48,17,10-9-2022 15:40,,Em xin reactjs v·ªõi ·∫°
49,17,10-9-2022 15:55,,Em xin jd Reactjs
50,17,19-9-2022 14:50,,.
1,18,26-8-2022 12:19,,Em xin jd reactjs vs ·∫°
2,18,24-8-2022 10:23,,em xin jd reactjs HN
3,18,23-8-2022 03:01,,.
4,18,30-8-2022 19:44,,ib ReactJs Fresher/Intern ·∫°
5,18,2-9-2022 07:41,,Xin job python ·∫°.
6,18,22-8-2022 22:06,,Em xin jd intern java ·∫°
7,18,,,xin job ReactJs Intern ·∫°
8,18,31-8-2022 12:42,,Cho m√¨nh xin jd Fresher C# ·∫°
9,18,23-8-2022 21:09,,Xin job reactjs ·∫°
10,18,29-8-2022 12:40,,em xin jd c·ªßa php fresher v·ªõi ·∫°
11,18,24-8-2022 17:17,,e xin jd python hn ·∫°
12,18,22-8-2022 22:59,,em xin jd intern python ·∫°
13,18,23-8-2022 14:42,,Em xin job ·∫°
14,18,23-8-2022 18:03,,em xin jd intern reactjs v·ªõi ·∫°
15,18,22-8-2022 22:30,,E xin jd intern c++ ·∫°
16,18,23-8-2022 08:28,,Xin jd intern reacjs ·∫°
17,18,,,m√¨nh xin jd intern reactjs
18,18,23-8-2022 22:05,,Em xin jd python intern ·∫°
19,18,23-8-2022 07:39,,Em xin intern php vs ·∫°
20,18,23-8-2022 15:10,,Cho m√¨nh xin jd Fresher Java ·∫°
21,18,24-8-2022 22:19,,em xin jd reactjs HN
22,18,25-8-2022 12:55,,em xin jd python ·∫°
23,18,25-8-2022 12:47,,em xin jd python ·∫°
24,18,23-8-2022 08:04,,Em xin jd mobile developer intern
25,18,22-8-2022 19:34,,Em xin jd intern Reactjs ·∫°
26,18,23-8-2022 22:08,,Em xin jd java
27,18,28-8-2022 17:29,,em xin jd Java Fresher ·∫°
28,18,23-8-2022 21:30,,Em xin jd intern ReactJs ·∫°
29,18,3-9-2022 11:25,,Em xin jd java fresher HN
30,18,28-8-2022 13:22,,E xin jd golang ·∫°
31,18,24-8-2022 22:13,,em xin jd reactjs a
32,18,23-8-2022 09:48,,Em xin jd reactjs intern
33,18,23-8-2022 23:12,,cho em xin jd Java ·∫°
34,18,30-8-2022 00:38,,Cho e xin jd java ·∫°
35,18,23-8-2022 18:55,,Em xin jd intern java HN
36,18,23-8-2022 15:48,,"[H√† ƒê√¥ng] C·∫ßn t√¨m 3 th·ª±c t·∫≠p sinh CSKH, l∆∞∆°ng c·ª©ng 9tr/th√°ng, h·ªó tr·ª£ ƒë√†o t·∫°o, ∆∞u ti√™n t·ª´ 2k1-99. Quan t√¢m ib"
37,18,,,em xin jd fresher java
38,18,23-8-2022 13:23,,Em xin jd Golang Fresher/Intern ·∫°
39,18,23-8-2022 16:11,,Em xin jd fresher flutter ·∫°
40,18,23-8-2022 15:56,,Em xin jd intern reactjs
41,18,25-8-2022 18:48,,minh xin jd fe ·∫°
42,18,22-8-2022 21:20,,em xin jd python v·ªõi ·∫°
43,18,23-8-2022 10:16,,em xin jd reactjs v·ªõi ·∫°
44,18,23-8-2022 18:45,,xin jd php fresher a
45,18,25-8-2022 16:41,,em xin jd java
46,18,,,"[H√Ä N·ªòI] C√¥ng ty CP C√¥ng ngh·ªá Sapo tuy·ªÉn:
V·ªã tr√≠: Mobile Developer (15-25M)‚Ä¶ Xem th√™m"
47,18,,,xin JD FE ·∫°
48,18,30-8-2022 19:33,,"Minh Ph√∫c M√¨nh g·ª≠i JD r·ªìi ·∫°, b·∫°n check tin nh·∫Øn nh√©"
49,18,,,Cho m√¨nh xin job Fresher Python
50,18,27-8-2022 23:14,,m√¨nh xin jd reactjs HN ·∫°
51,18,22-8-2022 16:49,,D·∫° tks admin ·∫°
52,18,3-10-2022 16:12,,"[Nam T·ª´ Li√™m] C·∫ßn tuy·ªÉn g·∫•p Fresher NodeJS, Android t·ª´ 6 th√°ng KN. Offer: 10-15M + th∆∞·ªüng + benefits. T·ªïng thu nh·∫≠p ƒë·∫øn 14 th√°ng l∆∞∆°ng. IB nh·∫≠n JD"
53,18,,,inbox m√¨nh ƒë·ªÉ nh·∫≠n JD nh√©
54,18,,,em xin jd Reactjs intern v·ªõi ·∫°
55,18,1-9-2022 07:50,,.
56,18,11-9-2022 15:29,,JD ReactJs Fresher/Intern: https://bit.ly/3Rbg68L
57,18,11-9-2022 15:28,,"JD PHP: https://bit.ly/3c387uW
https://bit.ly/3JNcN4A
https://bit.ly/3Awh21a‚Ä¶ Xem th√™m"
1,19,12-10-2022 19:55,,em xin jd php ·∫°
2,19,12-10-2022 16:28,,Quan t√¢m ·∫°
3,19,12-10-2022 18:03,,E xin JD python ·∫°
4,19,12-10-2022 17:26,,ein xin jd php aÃ£
5,19,12-10-2022 18:56,,E xin jd php ·∫°
6,19,12-10-2022 14:35,,quan t√¢m ib em ·∫°
7,19,,,Em xin job ·∫°
8,19,,,ch·∫•m
1,20,13-9-2022 16:06,,m√¨nh xin jd java ·∫°
2,20,13-9-2022 20:00,,M√¨nh xin jd fresher java v·ªõi b·∫°n ∆°i
3,20,13-9-2022 11:51,,cho anh xin JD nha
4,20,13-9-2022 18:56,,Em xin jd java ·∫°
5,20,13-9-2022 00:03,,Xin job ·∫°
6,20,13-9-2022 08:34,,Cho m√¨nh xin JD Fresher Java ·∫°
7,20,13-9-2022 11:24,,cho e xin jd python ·∫°
8,20,13-9-2022 00:27,,xin jd java ·∫°
9,20,12-9-2022 23:10,,Em xin jd ·∫°
10,20,14-9-2022 12:47,,Em xin jd java ·∫°
11,20,13-9-2022 19:26,,Cho em xin jd java ·∫°.
12,20,14-9-2022 13:19,,c√≥ jd intern ko c
13,20,13-9-2022 00:18,,xin jd ·∫°
14,20,13-9-2022 12:50,,Em xin jd ·∫°
15,20,13-9-2022 07:07,,xin jd ·∫°
16,20,13-9-2022 13:42,,em xin jd
17,20,13-9-2022 10:48,,[Ho√†ng Mai ] Tuy·ªÉn g·∫•p Nh√¢n vi√™n HCNS-Kh√¥ng y√™u c·∫ßu kinh nghi·ªám. L∆∞∆°ng c·ª©ng 7-10 tri·ªáu h·ªó tr·ª£ g·ª≠i xe + ƒÉn tr∆∞a. IB nh·∫≠n JD
18,20,,,Em xin th√¥ng tin v·ªõi ·∫°
19,20,13-9-2022 08:08,,e xin jd java
20,20,14-9-2022 20:14,,.
21,20,,,.
22,20,13-9-2022 09:48,,m√¨nh xin jd java ·∫°
23,20,13-9-2022 08:37,,em xin job v·ªõi ·∫°
1,21,19-9-2022 16:56,,Em xin jd ·∫°
2,21,19-9-2022 17:34,,Em xin jd v·ªõi ·∫°
3,21,19-9-2022 16:32,,Xin jd ·∫°
4,21,19-9-2022 16:45,,Xin jd v·ªõi ·∫°
5,21,19-9-2022 16:22,,Ib ·∫°
6,21,,,Ch·ªã check ib gi√∫p em v·ªõi
7,21,,,Ly H∆∞∆°ng Tr∆∞∆°ng k√¨a b·∫°n
8,21,,,Ib nha b
9,21,,,em xin jd ·∫°
10,21,,,Em xin jd v·ªõi ·∫°
11,21,,,Xin jd ·∫°
12,21,,,em xin jd v·ªõi ·∫°
13,21,,,Em xin JD vs ·∫°
14,21,,,Xin jd ·∫°
15,21,,,em xin jd vs ·∫°
16,21,,,em xin jd v·ªõi ·∫°
17,21,,,Em xin jd v·ªõi ·∫°
1,22,12-10-2022 19:55,,em xin jd php ·∫°
2,22,12-10-2022 16:28,,Quan t√¢m ·∫°
3,22,12-10-2022 18:03,,E xin JD python ·∫°
4,22,12-10-2022 17:26,,ein xin jd php aÃ£
5,22,12-10-2022 18:56,,E xin jd php ·∫°
6,22,12-10-2022 14:35,,quan t√¢m ib em ·∫°
7,22,,,Em xin job ·∫°
8,22,,,ch·∫•m
1,23,19-8-2022 16:55,,cho em xin jd intern HCM ·∫°
2,23,,,em xin JD intern HCM ·∫°
3,23,,,Em xin JD Fresher t·∫°i HCM ·∫°
4,23,,,Cho em xin jd fresher t·∫°i HCM ·∫°
5,23,,,Em xin job HCM ·∫°
6,23,,,"cho em xin job ·ªü hcm ·∫°, em c·∫£m ∆°n"
7,23,,,Xin job hcm
8,23,,,E xin jd tester hcm ·∫°
9,23,,,Xin jd fresher hcm ·∫°
10,23,,,cho m√¨nh xin JD t·∫°i HCM ·∫°
11,23,,,e xin jd intern hcm ·∫°
12,23,,,e xin jd intern hcm ·∫°
13,23,,,cho em xin job t·∫°i TPHCM v·ªõi ·∫°
14,23,,,em xin jd intern ·ªü HCM ·∫°
15,23,,,M√¨nh xin jd hcm
16,23,,,Cho em xin jd intern tester ·∫°
17,23,16-8-2022 08:51,,e xin jd intern HN ·∫°
18,23,,,E xin jd HN ·∫°
19,23,,,e xin jd intern hcm ·∫°
20,23,,,cho em xin jd intern HCM ·∫°
21,23,16-8-2022 22:55,,C rep ib em v·ªõi ·∫°
22,23,,,xin jb ·∫°
23,23,,,M√¨nh xin JD HN
24,23,,,cho em xin jd FE TPHCM ·∫°
25,23,,,Em xin jd HN ·∫°
26,23,,,e xin jd intern hcm ·∫°
27,23,,,Em xin job hcm ·∫°
28,23,15-8-2022 23:52,,M√¨nh xin jd hcm
29,23,16-8-2022 17:57,,Cho em xin jd intern hcm ·∫°
30,23,,,em xin jd intern HN
31,23,,,Em xin jd fresher t·∫°i hcm ·∫°
32,23,,,Em xin job ·ªü hn ·∫°
33,23,,,Ib
34,23,,,Ib
35,23,,,Cho em xin jd intern tester ·∫°
1,24,11-10-2022 20:01,,Em xin jd vs ·∫°
2,24,11-10-2022 20:24,,em ·∫°
3,24,11-10-2022 15:51,,e xin jb vs ·∫°
4,24,11-10-2022 16:58,,Quan t√¢m ·∫°
5,24,11-10-2022 15:46,,em xin job java ·∫°
6,24,11-10-2022 15:52,,em xin jd tts java ·∫°
7,24,11-10-2022 21:12,,em xin jd ·∫°
8,24,11-10-2022 20:53,,e xin jd vs ·∫°
9,24,11-10-2022 21:25,,e xin jd v·ªõi ·∫°
10,24,11-10-2022 20:33,,Em xin jd ·∫°
11,24,11-10-2022 20:28,,em xin jd intern v·ªõi ·∫°
12,24,11-10-2022 18:24,,Em xin jd java ·∫°
13,24,11-10-2022 17:28,,M√¨nh xin jd
14,24,11-10-2022 21:30,,em xin jd v·ªõi ·∫°
15,24,11-10-2022 20:23,,E xin jd intern java
16,24,11-10-2022 16:18,,E xin jd v·ªõi ·∫°
17,24,11-10-2022 18:56,,Em xin jd tts java v·ªõi ·∫°
18,24,11-10-2022 14:48,,minh xin job tts java v·ªõi
19,24,12-10-2022 13:23,,Em xin jd tts java ·∫°
20,24,11-10-2022 21:29,,m√¨nh xin jd
21,24,,,Xin job an
22,24,,,em xin jd
23,24,,,em xin jd tts java v·ªõi ·∫°
24,24,12-10-2022 21:00,,"T√¨m ƒë·ªìng ƒë·ªôi m√°u l√†m gi√†u v·ªÅ l√†m sale BƒêS hoa h·ªìng si√™u cao!! kh√¥ng y√™u c·∫ßu kn, ƒë∆∞·ª£c ƒë√†o t·∫°o t·ª´ ƒë·∫ßu.
ƒê∆∞·ª£c ƒê√†o T·∫°o V√† Tham Gia Thi C·∫•p Ch·ª©ng Ch·ªâ H√†nh Ngh·ªÅ Mi·ªÖn Ph√≠
Li√™n H·ªá (Call/Zalo):‚Ä¶ Xem th√™m"
25,24,,,e xin jd aj
26,24,11-10-2022 16:13,,m√¨nh xin JD tts java v·ªõi b·∫°n
27,24,11-10-2022 18:36,,E xin jd
28,24,11-10-2022 20:36,,E xin jd tts java ·∫°
29,24,11-10-2022 18:31,,e xin jd fresher ·∫°
30,24,11-10-2022 18:03,,.
1,25,2-10-2021 20:44,,c ∆°i em xin JD DE ·∫°
2,25,,,cho em xin th√¥ng tin JD C# v√† Data Engineer v·ªõi ·∫°
3,25,,,Xin JD v·ªã tr√≠ fresher cloud vs data engineer ·∫°
4,25,,,"Em xin jd fresher Fontend v·ªõi ·∫°
, em c·∫£m ∆°n ch·ªã"
1,26,16-9-2022 19:15,,Xin jd
2,26,16-9-2022 20:38,,Em xin jd v·ªõi ·∫°
3,26,16-9-2022 19:56,,m√¨nh xin jd java ·∫°.
4,26,23-9-2022 08:49,,Cho e xin jd ·∫°
5,26,20-9-2022 12:05,,Quan t√¢m ·∫°
6,26,20-9-2022 11:17,,Em xin jd java ·∫°
7,26,21-9-2022 01:42,,M√¨nh xin jd nh√©
8,26,16-9-2022 19:40,,M√¨nh xin jd ·∫°
9,26,17-9-2022 00:04,,Check ib e v·ªõi ·∫°
10,26,21-9-2022 08:45,,Em xin job java ·∫°
11,26,20-9-2022 03:31,,Em xin jd ·∫°
12,26,,,Quan t√¢m ·∫°
13,26,,,Ib ·∫°
14,26,,,Em xin jd v·ªõi ·∫°
15,26,19-9-2022 14:58,,em xin job v·ªõi ·∫°
16,26,17-9-2022 19:41,,em xin jd ·∫°
17,26,18-9-2022 15:38,,em xin jd ·∫°
18,26,19-9-2022 09:17,,E xin jd tester
19,26,17-9-2022 12:02,,E xin job auto test ·∫°
20,26,,,Em xin jd auto test v·ªõi ·∫°
21,26,17-9-2022 16:58,,S xin java ·∫°
22,26,19-9-2022 08:39,,M√¨nh xin JD v·ªõi ·∫°
23,26,18-9-2022 20:47,,Em xin jd java ·∫°
24,26,17-9-2022 15:23,,Mk xin jd java ·∫°
25,26,17-9-2022 18:09,,Inb e ·∫°
26,26,17-9-2022 14:34,,M√¨nh xin jd v·ªõi ·∫°
27,26,17-9-2022 18:04,,"Nguy·ªÖn Ng·ªçc H·∫° auto test n√®, apply ƒëi"
28,26,,,E xin jd tester vs ·∫°
29,26,17-9-2022 21:23,,Cho em xin jd Java ·∫°
30,26,17-9-2022 17:10,,m√¨nh xin jd java ·∫°
31,26,19-9-2022 15:11,,C√≤n tuy·ªÉn .net k ·∫°?
32,26,17-9-2022 17:42,,.
33,26,20-9-2022 08:46,,.
34,26,21-9-2022 10:50,,‚Ä¶
1,27,11-10-2022 13:58,,E xin jd BA ·∫°
2,27,15-9-2022 13:24,,Quan t√¢m job intern BA ·∫°
3,27,,,E xin jd tester ·∫°
4,27,,,em xin jd php ·∫°
5,27,,,em xin jd tester v·ªõi ·∫°
6,27,,,E xin jd tester ·∫°
7,27,,,Em xin job intern php ·∫°
8,27,,,Cho em xin jd Tester v·ªõi ·∫°
9,27,,,em xin jd tester
10,27,,,Em xin jd tester ·∫°
11,27,,,E xin jd ·∫°
12,27,,,E xin test
13,27,,,E xin jd vs ·∫°
14,27,,,Em xin jd BA v·ªõi ·∫°.
1,28,5-8-2022 17:17,,Em xin jd fresher python ·∫°
2,28,,,Em xin jd python ·∫°
3,28,5-8-2022 13:04,,cho em xin jd python v·ªõi ·∫°
4,28,5-8-2022 11:02,,M√¨nh xin jd Tester v·ªõi
5,28,6-8-2022 14:56,,Em xin jd tts tester ·∫°
6,28,5-8-2022 11:04,,E xin jd python v·ªõi ·∫°
7,28,6-8-2022 23:43,,G·ª≠i em chi ti·∫øt job jd python v·ªõi ·∫°
8,28,,,Em xn jd intern nodejs ·∫°
9,28,5-8-2022 18:39,,Em xin jd .py ·∫°
10,28,,,E xin jd fresher nodejs ·∫°
11,28,,,E xin jd node js
12,28,,,.
13,28,,,.
14,28,,,Cho em xin jd v·ªõi nodejs v·ªõi ·∫°
15,28,,,cho em xin jd th·ª±c t·∫≠p python v·ªõi ·∫°
1,29,5-8-2022 17:17,,Em xin jd fresher python ·∫°
2,29,,,Em xin jd python ·∫°
3,29,5-8-2022 13:04,,cho em xin jd python v·ªõi ·∫°
4,29,5-8-2022 11:02,,M√¨nh xin jd Tester v·ªõi
5,29,6-8-2022 14:56,,Em xin jd tts tester ·∫°
6,29,5-8-2022 11:04,,E xin jd python v·ªõi ·∫°
7,29,6-8-2022 23:43,,G·ª≠i em chi ti·∫øt job jd python v·ªõi ·∫°
8,29,,,Em xn jd intern nodejs ·∫°
9,29,5-8-2022 18:39,,Em xin jd .py ·∫°
10,29,,,E xin jd fresher nodejs ·∫°
11,29,,,E xin jd node js
12,29,,,.
13,29,,,.
14,29,,,Cho em xin jd v·ªõi nodejs v·ªõi ·∫°
15,29,,,cho em xin jd th·ª±c t·∫≠p python v·ªõi ·∫°
1,30,1-10-2022 15:33,,E xin jd ·∫°
2,30,,,Em xin jd intern ·∫°
3,30,28-9-2022 19:14,,e xin jd v·ªõi ·∫°.
4,30,28-9-2022 15:32,,Em xin jd fresher v·ªõi ·∫°
5,30,29-9-2022 01:34,,Cho e xin jd ·∫°
6,30,28-9-2022 18:53,,E xin jd intern ·∫°
7,30,29-9-2022 14:01,,e xin jd inter v·ªõi ·∫°
8,30,28-9-2022 15:52,,E xin jd vs ·∫°
9,30,28-9-2022 16:06,,E xin jd ·∫°
10,30,28-9-2022 22:03,,em xin jd intern a
11,30,,,cho e xin jd fresher vs a
12,30,29-9-2022 09:54,,C g·ª≠i e nha
1,31,5-8-2022 13:27,,Em xin jd ·∫°
2,31,19-8-2022 16:04,,"[HN- T·ªë H·ªØu] B√™n m√¨nh ƒëang c√≥ ƒë·ª£t tuy·ªÉn d·ª•ng Intern/fresher cho ·ª©ng d·ª•ng Mobile Android hot nh·∫•t trong nƒÉm, s·ªë l∆∞·ª£ng 10 b·∫°n.
M·ª©c h·ªó tr·ª£ c·ª±c cao, up to 8-15M ( th·ªèa thu·∫≠n theo nƒÉng l·ª±c)
Quan t√¢m ib ho·∫∑c lh zalo 0865100056 ƒë·ªÉ nh·∫≠n JD ch·ªã ti·∫øt ·∫°"
3,31,,,En xin jd reactjs ·∫°
4,31,,,Em xin jd php ·∫°
5,31,,,E xin job itern reactjs v·ªõi vuejs ·∫°
6,31,,,em xin jd reactjs v·ªõi ·∫°
7,31,5-8-2022 07:52,,Em xin jd vuejs v·ªõi ·∫°
8,31,,,ad check inbox ·∫°!
9,31,,,E xin job react js
10,31,,,Em xin jd php v·ªõi ·∫°
11,31,5-8-2022 09:01,,M√¨nh xin jd Reactjs ·∫°
12,31,7-8-2022 17:23,,E xin jd react js ·∫°
13,31,5-8-2022 07:34,,em xin jd php v·ªõi ·∫°
14,31,,,cho e xin jd ReactJS v·ªõi ·∫°
15,31,5-8-2022 14:46,,Em xin jd vuejs v·ªõi ·∫°
16,31,7-8-2022 20:31,,cho e xin jd ReactJS v·ªõi ·∫°
17,31,,,em xin intern reactjs ·∫°
18,31,8-8-2022 10:54,,em xin jd reactjs ·∫°
19,31,,,Em xin jd v·ªõi ·∫°
20,31,5-8-2022 08:31,,Em xin jd reactjs
21,31,5-8-2022 07:27,,En xin jd reactjs ·∫°
22,31,5-8-2022 15:42,,Cho m√¨nh xin jd php v·ªõi
23,31,5-8-2022 19:39,,E xin jd flutter ·∫°
24,31,5-8-2022 10:13,,e xin jd intern react js ·∫°
25,31,7-8-2022 19:30,,Xin jd
26,31,5-8-2022 10:10,,E xin jd fresher php ·∫°
27,31,,,E xin jd php ·∫°
28,31,5-8-2022 05:39,,Ib ·∫°
29,31,,,em xin jd reactjs ·∫°
30,31,7-8-2022 15:28,,e xin jd tts reactjs v·ªõ ·∫°
31,31,10-8-2022 11:26,,cho em xin jd Reactjs v·ªõi ·∫°
32,31,5-8-2022 12:35,,Em xin jd reactjs ·∫°
33,31,5-8-2022 10:05,,ib em vs a
34,31,12-8-2022 15:46,,Cho em xin Jd ReactJS v·ªõi ·∫°
35,31,5-8-2022 13:47,,.
36,31,5-8-2022 09:11,,.
37,31,5-8-2022 09:07,,E xin jd Reactjs aj
1,32,27-9-2022 16:03,,Anh check mail em v·ªõi ·∫°.
1,33,7-10-2022 11:25,,Em xin job ·∫°
1,34,5-8-2022 16:24,,cho e xin jd java v·ªõi ·∫°
2,34,4-8-2022 10:14,,Xin job .net ·∫°
3,34,4-8-2022 09:59,,e xin job java ·∫°
4,34,4-8-2022 15:56,,em xin job java
5,34,8-8-2022 11:01,,em xin jd intern react native ·∫°
6,34,4-8-2022 11:56,,Review 4 l·∫ßn/nƒÉm cho TTS v√† Fresher l√† ngon ƒë·∫•y. R√µ r√†ng.
7,34,4-8-2022 09:16,,e xin jd ·∫°
8,34,,,E xin jd java
9,34,4-8-2022 11:20,,e xin jd java ·∫°
10,34,5-8-2022 00:37,,Em xin jd java ·∫°
11,34,6-8-2022 21:29,,e xin jd tts react native ·∫°
12,34,11-8-2022 15:19,,e xin jd java ·∫°
13,34,,,.
14,34,,,",,"
15,34,,,Xin jd java or .net ·∫°
1,35,19-7-2022 17:28,,Check inbox em v·ªõi anh
2,35,,,Anh Nguy·ªÖn Trung Hi·∫øu check ib em v·ªõi
3,35,25-7-2022 16:31,,"B√™n m√¨nh ƒëang tuy·ªÉn fresher Java, h·ªó tr·ª£ l∆∞∆°ng h·ªçc vi·ªác: https://sts.vn/tuyen-dung/junior-java-developer/"
4,35,,,e xin jd net ·∫°
5,35,,,em xin JD Java v·ªõi ·∫°
1,36,9-10-2022 01:56,,E xin jd ·∫°
2,36,8-10-2022 17:10,,Em xin jd vs ·∫°
3,36,8-10-2022 08:45,,E xin job
4,36,6-10-2022 16:16,,Em xin jd v·ªõi ·∫°
1,37,10-10-2022 17:53,,"cho em xin jd react, node, react native ·∫°"
2,37,7-10-2022 06:58,,Cho em.xin jd mobie react native v·ªõi ·∫°
3,37,3-10-2022 23:32,,Cho e xin JD BE ruby ·∫°
4,37,,,Cho em xin jd ·∫°
5,37,2-10-2022 21:47,,cho em xin h·∫øt JD v·ªõi ·∫° :)))
6,37,4-10-2022 00:18,,cho e xin jd v·ªã tr√≠ intern ch·ªã ∆°i.
7,37,6-10-2022 09:35,,cho em xin job backend python ·∫°
8,37,30-9-2022 23:30,,cho e xin jd FE ·∫° :))
9,37,1-10-2022 00:09,,E xin jd FE v·ªõi ·∫°
1,38,5-8-2022 16:24,,cho e xin jd java v·ªõi ·∫°
2,38,4-8-2022 10:14,,Xin job .net ·∫°
3,38,4-8-2022 09:59,,e xin job java ·∫°
4,38,4-8-2022 15:56,,em xin job java
5,38,8-8-2022 11:01,,em xin jd intern react native ·∫°
6,38,4-8-2022 11:56,,Review 4 l·∫ßn/nƒÉm cho TTS v√† Fresher l√† ngon ƒë·∫•y. R√µ r√†ng.
7,38,4-8-2022 09:16,,e xin jd ·∫°
8,38,,,E xin jd java
9,38,4-8-2022 11:20,,e xin jd java ·∫°
10,38,5-8-2022 00:37,,Em xin jd java ·∫°
11,38,6-8-2022 21:29,,e xin jd tts react native ·∫°
12,38,11-8-2022 15:19,,e xin jd java ·∫°
13,38,,,.
14,38,,,",,"
15,38,,,Xin jd java or .net ·∫°
1,39,15-8-2022 22:27,,em xin jd PHP v·ªõi ·∫°
2,39,,,Em xin jd intern AI ·∫°
3,39,24-8-2022 15:55,,em xin jd Intern AI vs ·∫°
4,39,20-8-2022 04:41,,Em xin job php vs ·∫†
5,39,15-8-2022 23:05,,cho em xin job AI vs ·∫°
6,39,16-8-2022 09:06,,Em xin jd AI ·∫°
7,39,16-8-2022 08:25,,em xin jd AI ·∫°
8,39,15-8-2022 22:02,,cho em xin jd AI v·ªõi ·∫°
9,39,16-8-2022 07:22,,E xin jd AI
10,39,19-8-2022 10:24,,"TUY·ªÇN D·ª§NG IT
S·ªê L∆Ø·ª¢NG: 3 Th√†nh vi√™n
M√î T·∫¢ C√îNG VI·ªÜC:‚Ä¶ Xem th√™m"
11,39,,,Nguy·ªÖn Chi·∫ønn
12,39,,,EM xin jd AI ·∫°
13,39,15-8-2022 23:32,,em xin jd c·ªßa AI v·ªõi ·∫°
14,39,16-8-2022 11:27,,.
15,39,,,e xin jd php ·∫°
16,39,15-8-2022 22:04,,Cho e xin jd php ·∫°
1,40,22-7-2022 16:19,,em xin job intern mobile ·∫°
2,40,,,E xin jd intern mobile hn ·∫°
3,40,22-7-2022 23:19,,"SALEWORK tuy·ªÉn d·ª•ng FULLSTACK DEV
Quy·ªÅn l·ª£i:
‚Ä¢ L∆∞∆°ng c·ª©ng 20 ‚Äì 35 tri·ªáu /th√°ng. Th∆∞·ªüng hi·ªáu qu·∫£ c√¥ng vi·ªác theo th√°ng. X√©t tƒÉng 2 l·∫ßn/ nƒÉm.‚Ä¶ Xem th√™m"
4,40,,,Em xin jd job intern HCM ·∫°
5,40,23-7-2022 01:12,,em xin job intern mobile ·∫°
6,40,23-7-2022 22:04,,M√¨nh xin job Nodejs v·ªõi ·∫°
7,40,23-7-2022 10:04,,cho em xin job fresher nodejs HN vs ·∫°
8,40,5-8-2022 13:07,,c√≤n tuy·ªÉn intern nodejs k ·∫°
9,40,,,cho em xin jd v·ªõi ·∫°
10,40,24-7-2022 19:11,,check ib ·∫°
11,40,,,Em xin JD intern NodeJS HCM ·∫°
12,40,25-7-2022 03:17,,E xin jd intern mobile hn ·∫°
13,40,,,em xin jd intern ·∫°
14,40,,,Em xin jd intern ·∫°
15,40,,,Em xin jd intern mobile ·∫°
16,40,,,em xin jd node hn ·∫°
17,40,,,Em xin jd mobile ·∫°
18,40,,,Em xin jd mobile intern ·∫°
19,40,,,Em xin jd intern ·∫°
20,40,,,em xin jd intern mobile ·∫°
21,40,23-7-2022 19:03,,em xin jd viisw ·∫°
22,40,,,Em xin jd mobile a
23,40,23-7-2022 18:11,,Xin nd nodejs
24,40,22-7-2022 17:17,,Em xin jd nodejs ·∫°
25,40,22-7-2022 21:12,,Xin jd ·∫°
26,40,,,Em xin jd nodejs ·∫°
27,40,,,Em xin jd node js h√† n·ªôi ·∫°
28,40,24-7-2022 13:17,,em xin jd ·∫°
29,40,,,D·∫° cho em xin JD ·∫°
30,40,25-7-2022 10:18,,Cho em xin JD intenr mobile ·∫°
31,40,,,Ng·ªçc Hi·ªÅn xin jd nodejs hcm
32,40,22-7-2022 17:27,,Nodejs inter aj
33,40,,,Ch·ªã g·ª≠i gi√∫p em JD NodeJS Intern ·∫°
34,40,,,NgNgoc Anh Tu·∫•n mobile k√¨a
35,40,,,em xin intern nodejs hcm ·∫°
36,40,22-7-2022 18:23,,e xin jd intern mobile ·∫°
37,40,22-7-2022 17:24,,Cho e xin jd intern nodejs hcm ·∫°
38,40,27-7-2022 00:19,,nodejs c√≥ nh·∫≠n part time k ·∫°
39,40,22-7-2022 18:02,,Em xin jd intern nodejs hcm ·∫°
40,40,23-7-2022 08:06,,E xin jd mobile ·∫°
41,40,,,E xin jd intern nodejs HN voi a
1,41,10-10-2022 17:53,,"cho em xin jd react, node, react native ·∫°"
2,41,7-10-2022 06:58,,Cho em.xin jd mobie react native v·ªõi ·∫°
3,41,3-10-2022 23:32,,Cho e xin JD BE ruby ·∫°
4,41,,,Cho em xin jd ·∫°
5,41,2-10-2022 21:47,,cho em xin h·∫øt JD v·ªõi ·∫° :)))
6,41,4-10-2022 00:18,,cho e xin jd v·ªã tr√≠ intern ch·ªã ∆°i.
7,41,6-10-2022 09:35,,cho em xin job backend python ·∫°
8,41,30-9-2022 23:30,,cho e xin jd FE ·∫° :))
9,41,1-10-2022 00:09,,E xin jd FE v·ªõi ·∫°
1,42,15-8-2022 22:27,,em xin jd PHP v·ªõi ·∫°
2,42,,,Em xin jd intern AI ·∫°
3,42,24-8-2022 15:55,,em xin jd Intern AI vs ·∫°
4,42,20-8-2022 04:41,,Em xin job php vs ·∫†
5,42,15-8-2022 23:05,,cho em xin job AI vs ·∫°
6,42,16-8-2022 09:06,,Em xin jd AI ·∫°
7,42,,,em xin jd AI ·∫°
8,42,15-8-2022 22:02,,cho em xin jd AI v·ªõi ·∫°
9,42,16-8-2022 07:22,,E xin jd AI
10,42,19-8-2022 10:24,,"TUY·ªÇN D·ª§NG IT
S·ªê L∆Ø·ª¢NG: 3 Th√†nh vi√™n
M√î T·∫¢ C√îNG VI·ªÜC:‚Ä¶ Xem th√™m"
11,42,,,Nguy·ªÖn Chi·∫ønn
12,42,,,EM xin jd AI ·∫°
13,42,15-8-2022 23:32,,em xin jd c·ªßa AI v·ªõi ·∫°
14,42,16-8-2022 11:27,,.
15,42,,,e xin jd php ·∫°
16,42,15-8-2022 22:04,,Cho e xin jd php ·∫°
1,43,27-7-2022 11:02,,Em xin php laravel v·ª£i ·∫°
2,43,28-7-2022 14:54,,m√¨nh xin jd reactjs nodejs
3,43,27-7-2022 10:36,,em xin jd react native
4,43,27-7-2022 19:53,,xin jd react js ·∫°
5,43,27-7-2022 19:00,,em xin jd intern reactjs ·∫°
6,43,27-7-2022 14:57,,em xin intern python v·ªõi ·∫°
7,43,27-7-2022 13:50,,"ƒë∆∞ojc ƒëi l√†m c√πng Lisa ·∫°
th·∫ø th√¨ cho e xin jd v·ªõi ·∫°"
8,43,,,Em xin intern python v·ªõi ·∫°
9,43,27-7-2022 14:15,,em xin jd python v·ªõi ·∫°
10,43,27-7-2022 15:29,,M xin jd reactjs intern v·ªõi ·∫°
11,43,,,em xin jd reactjs ·∫°
12,43,30-7-2022 10:31,,Em xin jd intern python v·ªõi ·∫°
13,43,,,ƒêi l√†m c√πng Lisa th√¨ cho m√¨nh xin JD Php Laravel
14,43,,,B check ib m√¨nh
15,43,27-7-2022 12:38,,em xin jd php laravel v·ªõi ·∫°
16,43,28-7-2022 08:49,,M√¨nh xin jd node js v·ªõi
17,43,,,Em xin ReactJS v·ªõi ·∫°
18,43,27-7-2022 13:03,,Em xin jd intern php ·∫°
19,43,27-7-2022 16:46,,Em xin jd ltv mobile v·ªõi ·∫°
20,43,27-7-2022 10:54,,M Xin jd reactjs ·∫°
21,43,29-7-2022 15:05,,Em xin jd python v·ªõi
22,43,,,Em xin JD python intern v·ªõi ·∫°
23,43,27-7-2022 19:31,,Em xin jd reactjs v·ªõi ·∫°
24,43,,,em xin jd node js ·∫°
25,43,,,em xin php laravel v·ªõi ·∫°
26,43,27-7-2022 21:43,,em xin jd reactjs v·ªõi ·∫°
27,43,27-7-2022 11:41,,Em xin jd Reactjs
28,43,,,Em xin jd nodejs ·∫°
29,43,27-7-2022 13:08,,Em xin jd nodejs ·∫°
30,43,,,em xin jd intern reactjs ·∫°
31,43,27-7-2022 12:48,,E xin job reactjs
32,43,30-7-2022 09:31,,em xin jd Fresher PHP ·∫°
33,43,27-7-2022 14:39,,Em xin jd NodeJs ·∫°
34,43,27-7-2022 13:41,,cho e xin jd Reactjs v·ªõi ·∫°
35,43,27-7-2022 20:26,,E xin jd intern ReactJs vs ·∫°
36,43,27-7-2022 19:04,,em xin jd ·∫°
37,43,,,em xin jd intern mobile
38,43,28-7-2022 07:55,,Em xin php laravel ·∫°!!
39,43,27-7-2022 21:21,,E xin jd intern PHP laravel ·∫°
40,43,27-7-2022 18:45,,Em xin jd php v·ªõi ·∫°
41,43,27-7-2022 13:05,,Em xin jd reactjs ·∫°
42,43,30-7-2022 15:37,,Em xin php laravel ·∫°
43,43,27-7-2022 16:05,,Em xin jd php/laravel ·∫°
44,43,28-7-2022 10:10,,em xin jd intern reactjs ·∫°
45,43,27-7-2022 16:12,,E xin jd intern PHP laravel ·∫°
46,43,,,Em xin jd intern php/laravel ·∫°
47,43,27-7-2022 18:03,,E xin ReactJs
48,43,27-7-2022 17:07,,E xin jd intern reactjs
49,43,27-7-2022 11:31,,Em xin jd reactjs v·ªõi ·∫°
50,43,27-7-2022 17:42,,em xin jd reactjs ·∫°
51,43,27-7-2022 10:37,,Em xin reactjs v·ªõi ·∫°
52,43,2-8-2022 22:33,,Cho em xin JD intern tester ti·∫øng Nh·∫≠t v·ªõi ·∫°!
53,43,,,Em xin jd reactjs ·∫°
54,43,27-7-2022 18:32,,e xin jd intern reactjs ·∫°
55,43,28-7-2022 18:34,,em xin jd reactjs ·∫°
56,43,28-7-2022 10:31,,"[ LIFESUP - C√îNG TY L√ÄM V·ªÄ Lƒ®NH V·ª∞C C√îNG NGH·ªÜ TH√îNG TIN ] T·∫†I HO√ÄNG QU·ªêC VI·ªÜT TUY·ªÇN 3 B·∫†N ""G√ÅN NH√ÉN D·ªÆ LI·ªÜU, X·ª¨ L√ù H√åNH ·∫¢NH."".
ùëÑùë¢ùë¶ùëíÃÇÃÄùëõ ùëôùëúÃõÃ£ùëñ:
‚Ä¢ ùêæ‚ÑéùëúÃÇùëõùëî ùë¶ùëíÃÇùë¢ ùëêùëéÃÇÃÄùë¢ ùëòùëñùëõ‚Ñé ùëõùëî‚ÑéùëñùëíÃ£ÃÇùëö, ƒêùë¢ÃõùëúÃõÃ£ùëê ƒêùëéÃÄùëú ùë°ùëéÃ£ùëú ùë£ùë¢ÃõÃÄùëé ‚ÑéùëúÃ£ùëê ùë£ùë¢ÃõÃÄùëé ùëôùëéÃÄùëö
‚Ä¢ L√†m vi·ªác t·ª´ th·ª© 2- th·ª© 6 + ngh·ªâ t‚Ä¶ Xem th√™m"
57,43,,,E xin jd reactjs
58,43,27-7-2022 15:25,,em xin jd reactjs ·∫°
59,43,27-7-2022 16:43,,.
60,43,27-7-2022 11:11,,.
61,43,27-7-2022 20:49,,.
62,43,27-7-2022 12:33,,E xin jd react native ·∫°
63,43,28-7-2022 09:44,,e xiin jd php voi a
1,44,27-7-2022 11:02,,Em xin php laravel v·ª£i ·∫°
2,44,28-7-2022 14:54,,m√¨nh xin jd reactjs nodejs
3,44,27-7-2022 10:36,,em xin jd react native
4,44,27-7-2022 19:53,,xin jd react js ·∫°
5,44,27-7-2022 19:00,,em xin jd intern reactjs ·∫°
6,44,27-7-2022 14:57,,em xin intern python v·ªõi ·∫°
7,44,27-7-2022 13:50,,"ƒë∆∞ojc ƒëi l√†m c√πng Lisa ·∫°
th·∫ø th√¨ cho e xin jd v·ªõi ·∫°"
8,44,,,Em xin intern python v·ªõi ·∫°
9,44,,,em xin jd python v·ªõi ·∫°
10,44,27-7-2022 15:29,,M xin jd reactjs intern v·ªõi ·∫°
11,44,,,em xin jd reactjs ·∫°
12,44,30-7-2022 10:31,,Em xin jd intern python v·ªõi ·∫°
13,44,27-7-2022 21:53,,ƒêi l√†m c√πng Lisa th√¨ cho m√¨nh xin JD Php Laravel
14,44,27-7-2022 15:27,,B check ib m√¨nh
15,44,27-7-2022 12:38,,em xin jd php laravel v·ªõi ·∫°
16,44,28-7-2022 08:49,,M√¨nh xin jd node js v·ªõi
17,44,,,Em xin ReactJS v·ªõi ·∫°
18,44,27-7-2022 13:03,,Em xin jd intern php ·∫°
19,44,27-7-2022 16:46,,Em xin jd ltv mobile v·ªõi ·∫°
20,44,27-7-2022 10:54,,M Xin jd reactjs ·∫°
21,44,29-7-2022 15:05,,Em xin jd python v·ªõi
22,44,27-7-2022 17:44,,Em xin JD python intern v·ªõi ·∫°
23,44,27-7-2022 19:31,,Em xin jd reactjs v·ªõi ·∫°
24,44,,,em xin jd node js ·∫°
25,44,27-7-2022 21:58,,em xin php laravel v·ªõi ·∫°
26,44,,,em xin jd reactjs v·ªõi ·∫°
27,44,27-7-2022 11:41,,Em xin jd Reactjs
28,44,27-7-2022 20:40,,Em xin jd nodejs ·∫°
29,44,,,Em xin jd nodejs ·∫°
30,44,,,em xin jd intern reactjs ·∫°
31,44,,,E xin job reactjs
32,44,30-7-2022 09:31,,em xin jd Fresher PHP ·∫°
33,44,,,Em xin jd NodeJs ·∫°
34,44,,,cho e xin jd Reactjs v·ªõi ·∫°
35,44,,,E xin jd intern ReactJs vs ·∫°
36,44,27-7-2022 19:04,,em xin jd ·∫°
37,44,27-7-2022 13:54,,em xin jd intern mobile
38,44,28-7-2022 07:55,,Em xin php laravel ·∫°!!
39,44,27-7-2022 21:21,,E xin jd intern PHP laravel ·∫°
40,44,27-7-2022 18:45,,Em xin jd php v·ªõi ·∫°
41,44,27-7-2022 13:05,,Em xin jd reactjs ·∫°
42,44,30-7-2022 15:37,,Em xin php laravel ·∫°
43,44,27-7-2022 16:05,,Em xin jd php/laravel ·∫°
44,44,28-7-2022 10:10,,em xin jd intern reactjs ·∫°
45,44,27-7-2022 16:12,,E xin jd intern PHP laravel ·∫°
46,44,27-7-2022 16:10,,Em xin jd intern php/laravel ·∫°
47,44,27-7-2022 18:03,,E xin ReactJs
48,44,27-7-2022 17:07,,E xin jd intern reactjs
49,44,27-7-2022 11:31,,Em xin jd reactjs v·ªõi ·∫°
50,44,27-7-2022 17:42,,em xin jd reactjs ·∫°
51,44,27-7-2022 10:37,,Em xin reactjs v·ªõi ·∫°
52,44,2-8-2022 22:33,,Cho em xin JD intern tester ti·∫øng Nh·∫≠t v·ªõi ·∫°!
53,44,,,Em xin jd reactjs ·∫°
54,44,27-7-2022 18:32,,e xin jd intern reactjs ·∫°
55,44,28-7-2022 18:34,,em xin jd reactjs ·∫°
56,44,28-7-2022 10:31,,"[ LIFESUP - C√îNG TY L√ÄM V·ªÄ Lƒ®NH V·ª∞C C√îNG NGH·ªÜ TH√îNG TIN ] T·∫†I HO√ÄNG QU·ªêC VI·ªÜT TUY·ªÇN 3 B·∫†N ""G√ÅN NH√ÉN D·ªÆ LI·ªÜU, X·ª¨ L√ù H√åNH ·∫¢NH."".
ùëÑùë¢ùë¶ùëíÃÇÃÄùëõ ùëôùëúÃõÃ£ùëñ:
‚Ä¢ ùêæ‚ÑéùëúÃÇùëõùëî ùë¶ùëíÃÇùë¢ ùëêùëéÃÇÃÄùë¢ ùëòùëñùëõ‚Ñé ùëõùëî‚ÑéùëñùëíÃ£ÃÇùëö, ƒêùë¢ÃõùëúÃõÃ£ùëê ƒêùëéÃÄùëú ùë°ùëéÃ£ùëú ùë£ùë¢ÃõÃÄùëé ‚ÑéùëúÃ£ùëê ùë£ùë¢ÃõÃÄùëé ùëôùëéÃÄùëö
‚Ä¢ L√†m vi·ªác t·ª´ th·ª© 2- th·ª© 6 + ngh·ªâ t‚Ä¶ Xem th√™m"
57,44,,,E xin jd reactjs
58,44,27-7-2022 15:25,,em xin jd reactjs ·∫°
59,44,27-7-2022 16:43,,.
60,44,27-7-2022 11:11,,.
61,44,27-7-2022 20:49,,.
62,44,27-7-2022 12:33,,E xin jd react native ·∫°
63,44,28-7-2022 09:44,,e xiin jd php voi a
1,45,29-7-2022 00:21,,e xin jd java HN vs ·∫°
2,45,,,B·∫°n ∆°i cho m√¨nh xin JD intern reactJS ·∫°. M√¨nh c·∫£m ∆°n.
3,45,29-7-2022 17:46,,em xin jd v·ªõi ·∫°
4,45,,,Em xin jd react native hn ·∫°.
5,45,,,M√¨nh xin jd nodejs hcm ·∫°
6,45,,,em xin jd php h√† n·ªôi ·∫°
7,45,,,e xin jd reactjs hcm ·∫°
8,45,,,M√¨nh xin jd nodejs HCM
9,45,,,Xin JD React Native HCM v·ªõi ·∫°
10,45,,,cho e xin jd java H√† N·ªôi v·ªõi ·∫°
11,45,1-8-2022 12:58,,Em xin jd java h√† n·ªôi ·∫°
12,45,2-8-2022 15:10,,em xin jd reactJS v·ªõi ·∫°
13,45,1-8-2022 22:46,,E xin job php t·∫°i h√† n·ªôi ·∫°
14,45,4-8-2022 11:50,,Xin jd intern reactjs hcm ·∫°
15,45,28-7-2022 14:03,,E xin jd java HCM ·∫°
16,45,28-7-2022 19:28,,em xin jd java v·ªõi ·∫°
17,45,29-7-2022 17:21,,e xin id intern java
18,45,31-7-2022 07:30,,e xin job HN v·ªõi ·∫°
19,45,6-8-2022 17:28,,Cho em xin jd reactjs HN v·ªõi ·∫°
20,45,29-7-2022 11:56,,Em xin jd reactjs HCM ·∫°
21,45,2-8-2022 11:33,,Em xin job reactjs HCM
22,45,31-7-2022 06:49,,Cho e xin jd java hcm ·∫°
23,45,30-7-2022 20:10,,Em xin jd reactjs hcm ·∫°
24,45,28-7-2022 20:32,,em xin kd java ·∫°
25,45,1-8-2022 09:29,,Xin 1 slot intern t·∫°i HCM nh√© ! Ti·∫øng anh good
26,45,9-8-2022 16:05,,Em xin JD intern React Native HN v·ªõi ·∫°
27,45,30-7-2022 13:44,,em xin jd reactjs HN ·∫°
28,45,3-8-2022 20:09,,Em xin jd reactjs hn ·∫°
29,45,2-8-2022 14:41,,cho m√¨nh xin jd reactjs v·ªõi ·∫°
30,45,3-8-2022 00:31,,Cho em xin jd reactjs v·ªõi ·∫°
31,45,1-8-2022 15:19,,Em zin JD java HN aÃ£
32,45,3-8-2022 19:11,,em xin jd reactJS v·ªõi ·∫°
33,45,1-8-2022 10:49,,E xin jd reactjs v·ªõi ·∫°
34,45,1-8-2022 22:55,,em xin jd ·∫°
35,45,29-7-2022 13:24,,ib
36,45,1-8-2022 21:28,,cho em xin jd java v·ªõi ·∫°. Em c·∫£m ∆°n
37,45,31-7-2022 23:47,,em xin jd nodejs reactjs php HCM ·∫°
38,45,29-7-2022 10:50,,em xin jd reactjs h√† n·ªôi ·∫°
39,45,28-7-2022 13:44,,Ib
40,45,,,Ib
41,45,,,xin jd reactjs
42,45,31-7-2022 12:46,,m√¨nh xin jd Reactjs
43,45,29-7-2022 10:47,,e xin job intern java h√† n·ªôi v·ªõi ·∫°
1,46,27-9-2022 18:00,,M√¨nh xin jd ·∫°
2,46,27-9-2022 13:25,,g·ª≠i CV: hr@litcommerce.com
3,46,,,c√≥ tuy·ªÉn intern parttime k ·∫°
4,46,27-9-2022 13:26,,...
5,46,,,...
6,46,,,...
7,46,,,.
8,46,27-9-2022 13:25,,ib nh·∫≠n JD
1,47,13-10-2021 06:33,,b√™n m√¨nh c√≤n tuy·ªÉn k ·∫°
2,47,,,b√™n m√¨nh v·∫´n tuy·ªÉn nh√©!
3,47,,,Em c·∫ßn t√¨m vi·ªác Fresher PHP v√† Lavarel ·ªü TPHCM ·∫°
4,47,,,Nguyet Anhh Nguyen
5,47,,,ib em v·ªõi
6,47,15-9-2021 23:36,,Em quan t√¢m l·∫Øm ·∫°!
7,47,14-9-2021 08:05,,e quan t√¢m ·∫°!
8,47,16-9-2021 00:53,,Ib m√¨nh v·ªõi
9,47,13-9-2021 19:36,,C√≥ tuy·ªÉn ng∆∞·ªùi l√†m parttime online t·ª´ xa ko b·∫°n ∆°i?
10,47,13-9-2021 00:44,,E quan t√¢m ·∫°
11,47,12-9-2021 21:00,,"m√¨nh quan t√¢m ƒë·∫øn kh√≥a n√†y, b ib m√¨nh v·ªõi nh√©"
12,47,12-9-2021 13:22,,Em quan t√¢m ·∫°
13,47,,,em quan t√¢m ·∫°!
14,47,,,em quan t√¢m ·∫°
1,48,27-9-2022 18:00,,M√¨nh xin jd ·∫°
2,48,27-9-2022 13:25,,g·ª≠i CV: hr@litcommerce.com
3,48,,,c√≥ tuy·ªÉn intern parttime k ·∫°
4,48,27-9-2022 13:26,,...
5,48,,,...
6,48,,,...
7,48,,,.
8,48,27-9-2022 13:25,,ib nh·∫≠n JD
1,49,8-10-2022 11:04,,"C√≤n tuy·ªÉn ko ·∫°, e xin job golang nha c Ng·ªçc Hi·ªÅn"
2,49,,,Em xin jd php ·∫°
3,49,22-7-2022 11:55,,Em xin jd python ·∫°
4,49,22-7-2022 13:49,,E xin jd python ·∫°
5,49,23-7-2022 22:37,,em xin jd php v√† python ·∫°
6,49,21-7-2022 21:44,,em xin jd php ·∫°
7,49,22-7-2022 13:24,,E xin JD php ·∫°
8,49,21-7-2022 20:34,,Em xin jd python ·∫°
9,49,,,Em xin jd php ·∫°
10,49,21-7-2022 20:51,,Xin jd python ·∫°
11,49,22-7-2022 10:59,,Em xin jd PHP ·∫°
12,49,,,em xin JD php ·∫°
13,49,26-7-2022 08:37,,.
14,49,21-7-2022 20:40,,.
15,49,,,.
16,49,23-8-2022 12:58,,Xin cho e jd ·∫°
17,49,23-7-2022 21:18,,e xin jd golang ·∫°
18,49,22-7-2022 07:55,,L√™ ƒê√¨nh Tri·ªÅu
1,50,14-5-2022 04:14,,Em xin jd java ·∫°
2,50,9-5-2022 20:11,,cho e xin jd ·∫°
3,50,27-4-2022 19:15,,E xin jd ·∫°
4,50,,,Em xin jd intern tester ·∫°
5,50,,,E xin jd tester v·ªõi ·∫°
6,50,,,Cho e xin jd v·ªõi ·∫°
7,50,,,Em xin JD tts tester ·∫°
8,50,,,cho em xin jd java v·ªõi ·∫°
9,50,27-4-2022 23:11,,e xin JD v·ªõi ·∫°
10,50,8-6-2022 10:41,,"G·∫§P: VSII C·∫¶N NGAY 10 B·∫†N INTERN JAVA V·ªÄ TEAM H·ª®A Y√äU TH∆Ø∆†NG V√Ä NO DRAMA
ƒê∆∞·ª£c ƒë√†o t·∫°o b√†i b·∫£n, tham gia c√°c d·ª± √°n th·ª±c t·∫ø c·ªßa C√¥ng ty.
ƒê·ªãa ch·ªâ: T√≤a nh√† Dolphin Plaza ‚Äì 28 Tr·∫ßn B√¨nh, Ph∆∞·ªùng M·ªπ ƒê√¨nh 2, Qu·∫≠n Nam T·ª´ Li√™m, H√† N·ªôi
L‚Ä¶ Xem th√™m"
11,50,,,e xin jd ·∫°
12,50,28-4-2022 10:07,,ch·ªã check ib em v·ªõi ·∫°
13,50,27-4-2022 13:20,,cho em xin jd ·∫°!
14,50,,,Em xin jd intern tester v·ªõi ·∫°
15,50,,,Em xin jd BE ·∫°
16,50,,,Em xin jd intern java ·∫°
17,50,,,xin jd font end
18,50,,,Em xin jd v·ªõi ·∫°
19,50,,,E xin job Java ·∫°
20,50,,,E xin jd ·∫°
21,50,,,Cho m√¨nh xin jd fresher ba v·ªõi ·∫°
22,50,,,.
23,50,,,Em xin jd intern Tester v·ªõi ·∫°
24,50,,,cho em xin jd intern tester v·ªõi ·∫°
1,51,14-5-2022 04:14,,Em xin jd java ·∫°
2,51,9-5-2022 20:11,,cho e xin jd ·∫°
3,51,27-4-2022 19:15,,E xin jd ·∫°
4,51,,,Em xin jd intern tester ·∫°
5,51,,,E xin jd tester v·ªõi ·∫°
6,51,,,Cho e xin jd v·ªõi ·∫°
7,51,,,Em xin JD tts tester ·∫°
8,51,,,cho em xin jd java v·ªõi ·∫°
9,51,27-4-2022 23:11,,e xin JD v·ªõi ·∫°
10,51,8-6-2022 10:41,,"G·∫§P: VSII C·∫¶N NGAY 10 B·∫†N INTERN JAVA V·ªÄ TEAM H·ª®A Y√äU TH∆Ø∆†NG V√Ä NO DRAMA
ƒê∆∞·ª£c ƒë√†o t·∫°o b√†i b·∫£n, tham gia c√°c d·ª± √°n th·ª±c t·∫ø c·ªßa C√¥ng ty.
ƒê·ªãa ch·ªâ: T√≤a nh√† Dolphin Plaza ‚Äì 28 Tr·∫ßn B√¨nh, Ph∆∞·ªùng M·ªπ ƒê√¨nh 2, Qu·∫≠n Nam T·ª´ Li√™m, H√† N·ªôi
L‚Ä¶ Xem th√™m"
11,51,,,e xin jd ·∫°
12,51,28-4-2022 10:07,,ch·ªã check ib em v·ªõi ·∫°
13,51,27-4-2022 13:20,,cho em xin jd ·∫°!
14,51,,,Em xin jd intern tester v·ªõi ·∫°
15,51,,,Em xin jd BE ·∫°
16,51,,,Em xin jd intern java ·∫°
17,51,,,xin jd font end
18,51,,,Em xin jd v·ªõi ·∫°
19,51,,,E xin job Java ·∫°
20,51,,,E xin jd ·∫°
21,51,,,Cho m√¨nh xin jd fresher ba v·ªõi ·∫°
22,51,,,.
23,51,,,Em xin jd intern Tester v·ªõi ·∫°
24,51,,,cho em xin jd intern tester v·ªõi ·∫°
1,52,24-7-2022 11:54,,"SALEWORK tuy·ªÉn d·ª•ng FULLSTACK DEV
Quy·ªÅn l·ª£i:
‚Ä¢ L∆∞∆°ng c·ª©ng 20 ‚Äì 35 tri·ªáu /th√°ng. Th∆∞·ªüng hi·ªáu qu·∫£ c√¥ng vi·ªác theo th√°ng. X√©t tƒÉng 2 l·∫ßn/ nƒÉm.‚Ä¶ Xem th√™m"
2,52,,,e xin jd ·∫° thanks
3,52,24-7-2022 15:14,,Em xin jd v·ªõi ·∫°
4,52,24-7-2022 11:35,,Em xin jd job
5,52,27-7-2022 08:40,,Em xin jd ·∫°
6,52,27-7-2022 00:26,,e xin job a
7,52,29-7-2022 11:22,,em xin jd v·ªõi ·∫°
8,52,28-7-2022 14:02,,c·ªã em xin jd ·∫°
9,52,27-7-2022 16:41,,Em xin jd v·ªõi ·∫°
10,52,29-7-2022 09:53,,E xin jd v·ªõi ·∫°
11,52,27-7-2022 13:16,,E xin jd v·ªõi ·∫°
12,52,29-7-2022 16:49,,Cho m√¨nh xin jd v·ªõi b·∫°n
13,52,27-7-2022 11:04,,E xin jd ·∫°
14,52,24-7-2022 14:46,,"H√£y nh·ªõ ƒëi·ªÅu cha d·∫°y
""Con ∆°i nh·ªõ l·∫•y ƒëi·ªÅu n√†y
1 ƒë√™m ƒÉm tr·ªôm b·∫±ng 3 nƒÉm l√†m"". ‚Ä¶ Xem th√™m"
15,52,,,e xin jd ·∫°
16,52,26-7-2022 09:03,,m√¨nh xin jd v·ªõi b
17,52,26-7-2022 02:03,,Mk xin jd java ·∫°
18,52,24-7-2022 17:50,,Cho e xin jd v·ªõi ·∫°
19,52,30-7-2022 20:28,,cho e xin jd v·ªõi ·∫°
20,52,24-7-2022 15:04,,Em xin jd ·∫°
21,52,24-7-2022 11:21,,Xin jd
1,53,8-8-2022 12:46,,Em xin jd intern android java ·∫°
2,53,,,Em xin jd v·ªõi ·∫°!
3,53,8-8-2022 13:35,,Phi·ªÅn ch·ªã g·ª≠i cho em xin JD Android intern ·∫°.
4,53,21-9-2022 13:52,,ch·ªã ∆°i m√¨nh c√≤n tuy·ªÉn ios intern ko ·∫°
5,53,,,Em xin jd intern android ·∫°
6,53,8-8-2022 12:03,,c·∫£m ∆°n admin ·∫°aa Kh√°nh Ng√†
7,53,8-8-2022 23:25,,"KH√îNG Y√äU C·∫¶U KINH NGHI·ªÜM, ch·ªâ c·∫ßn ti·∫øng anh th√†nh th·∫°o !!!"
8,53,,,Ch·ªã ∆°i c√≥ tuy·ªÉn tts AI ko ·∫°
9,53,8-8-2022 13:30,,H∆∞ng Nguy·ªÖn Nguyen Quoc Tuan =))
10,53,8-8-2022 17:42,,Cho em xin jd intern Android v∆°ÃÅi aÃ£
11,53,8-8-2022 15:19,,Cho em xin jd intern Android v∆°ÃÅi aÃ£
1,54,22-7-2022 21:27,,Em xin jd intern java backend
2,54,,,E xin jd intern reactjs v·ªõi ·∫°
3,54,20-7-2022 15:30,,em xin jd ·∫°
4,54,20-7-2022 16:58,,em xin jd ·∫°
5,54,20-7-2022 20:10,,E xin jd intern reactjs v·ªõi ·∫°
6,54,21-7-2022 16:56,,Em xin jd Nodejs ·∫°
7,54,,,e xin jd java ·∫°
8,54,,,E xin jd kotlin v·ªõi ·∫°
9,54,20-7-2022 18:00,,hh
10,54,,,em xin jd nodejs ·∫°
11,54,20-7-2022 15:39,,Em xin jd reactjs ·∫°
12,54,,,c√≤n tuy·ªÉn tts reactjs ko ·∫°
13,54,20-7-2022 15:42,,e xin job reactjs ·∫°
14,54,21-7-2022 20:25,,Em xin jd react native v·ªõi ·∫°
15,54,,,e xin jd node ·∫°
16,54,,,Em xin jd intern java backend ·∫°
17,54,21-7-2022 12:00,,em xin jd v·ªõi ·∫°
18,54,23-7-2022 08:47,,Em xin jd java backend v·ªõi ·∫°
19,54,,,Em xin jop java/node/react vs ·∫°
20,54,23-7-2022 15:02,,"SALEWORK tuy·ªÉn d·ª•ng FULLSTACK DEV
Quy·ªÅn l·ª£i:
‚Ä¢ L∆∞∆°ng c·ª©ng 20 ‚Äì 35 tri·ªáu /th√°ng. Th∆∞·ªüng hi·ªáu qu·∫£ c√¥ng vi·ªác theo th√°ng. X√©t tƒÉng 2 l·∫ßn/ nƒÉm.‚Ä¶ Xem th√™m"
21,54,,,Em xin jd intern reactJs ·∫°
22,54,20-7-2022 15:27,,Em xin jd Reactjs v·ªõi ·∫°.
23,54,20-7-2022 16:16,,Em xin jd node js v·ªõi ·∫°
24,54,20-7-2022 22:04,,e xin jd java ·∫°
25,54,,,cho m√¨nh xin jd v·ªõi
26,54,,,Em xin jd intern java be ·∫°
27,54,,,ƒê√£ ib ·∫°
28,54,,,em xin jd vs ·∫°
29,54,,,R xin intern react vs ·∫°
30,54,20-7-2022 15:51,,Em xin jd nodejs v·ªõi ·∫°
31,54,20-7-2022 20:38,,em xin Jd java ·∫°
32,54,21-7-2022 07:29,,em xin jd v·ªõi ·∫°
33,54,,,Em xin ·ª©ng tuy·ªÉn v·ªã tr√≠ th·ª±c t·∫≠p sinh java backend
34,54,21-7-2022 19:28,,Em xin jd reactjs ·∫°
35,54,20-7-2022 20:18,,Check ib e voi
36,54,,,Em xin jd java backend v·ªõi ·∫°
37,54,,,e xin jd java ·∫°
38,54,21-7-2022 22:12,,Em xin jd java v·ªõi ·∫°
39,54,,,e xin jd java ·∫°
40,54,,,E xin jd intern flutter vs ·∫°
41,54,20-7-2022 19:41,,Em xin jd java intern be v·ªõi ·∫°
42,54,21-7-2022 18:26,,em xin jd ·∫°
43,54,,,M√¨nh xin jd ·∫°
44,54,,,e xin jd intern reactjs ·∫°
45,54,20-7-2022 17:19,,xin jd kotlin ·∫°
46,54,21-7-2022 03:13,,Em xin jd intern Java ·∫°
47,54,20-7-2022 18:46,,"Kotlin kh√¥ng ph·∫£i koitlin
·∫°"
48,54,22-7-2022 17:38,,E xin jd
49,54,20-7-2022 15:41,,E xin ja java be
50,54,20-7-2022 23:25,,xin jd ·∫°
51,54,21-7-2022 10:56,,em xin jd java ·∫°
52,54,21-7-2022 18:28,,em xin jd fresher nodejs ·∫°
53,54,20-7-2022 17:55,,L√™ Tu·∫•n Hi·ªáp jd ngon k√¨a
54,54,,,Em xin jd IOS ·∫°
55,54,,,E xin jd intern reactjs v·ªõi ·∫°
56,54,20-7-2022 16:14,,Em xin jd reactjs v·ªõi ·∫°
57,54,21-7-2022 08:35,,M√¨nh xin jd java ·∫°
58,54,20-7-2022 17:16,,L√™ Tu·∫•n Hi·ªápn
59,54,,,E xin jd intern java v·ªõi kotlin ·∫°
60,54,20-7-2022 19:33,,e xin jd java ·∫°
61,54,21-7-2022 10:15,,.
62,54,25-7-2022 16:26,,Em xin jd intern java backend
63,54,20-7-2022 15:18,,.
64,54,,,.
65,54,,,.
66,54,,,Em xin JD intern ReactJS v√† ReactNative ·∫°
67,54,4-8-2022 21:43,,Em xin JD nodejs v·ªõi ·∫°
68,54,,,d·∫° cho e xin jd v·ªõi ·∫°
69,54,21-7-2022 07:58,,Ib reactjs
70,54,,,=(( c√≥ b·∫°n n·ªØ n√†o kh√¥ng e ib d√πm cho ch·ªã ∆°i
1,55,13-10-2021 06:33,,b√™n m√¨nh c√≤n tuy·ªÉn k ·∫°
2,55,,,b√™n m√¨nh v·∫´n tuy·ªÉn nh√©!
3,55,,,Em c·∫ßn t√¨m vi·ªác Fresher PHP v√† Lavarel ·ªü TPHCM ·∫°
4,55,,,Nguyet Anhh Nguyen
5,55,,,ib em v·ªõi
6,55,15-9-2021 23:36,,Em quan t√¢m l·∫Øm ·∫°!
7,55,14-9-2021 08:05,,e quan t√¢m ·∫°!
8,55,16-9-2021 00:53,,Ib m√¨nh v·ªõi
9,55,13-9-2021 19:36,,C√≥ tuy·ªÉn ng∆∞·ªùi l√†m parttime online t·ª´ xa ko b·∫°n ∆°i?
10,55,,,E quan t√¢m ·∫°
11,55,12-9-2021 21:00,,"m√¨nh quan t√¢m ƒë·∫øn kh√≥a n√†y, b ib m√¨nh v·ªõi nh√©"
12,55,12-9-2021 13:22,,Em quan t√¢m ·∫°
13,55,,,em quan t√¢m ·∫°!
14,55,,,em quan t√¢m ·∫°
1,56,22-7-2022 11:07,,em xin jd front-end ·∫°
2,56,22-7-2022 10:31,,em xin jd front-end ·∫°
3,56,22-7-2022 00:49,,Em xin jd Fe ·∫°
4,56,22-7-2022 07:54,,Em xin jd fe ·∫°
5,56,22-7-2022 11:11,,Em xin jd frontend ·∫°
6,56,22-7-2022 05:42,,Em xin th√¥ng tin ·∫°
7,56,22-7-2022 12:10,,Cho em xin JD Frontend v·ªõi ·∫°
8,56,22-7-2022 01:29,,em xin jd front-end ·∫°
9,56,22-7-2022 10:58,,"TUY·ªÇN G·∫§P ƒêI L√ÄM TRONG TH√ÅNG 7
C√¥ng ty CP ATA HOLDINGS chuy√™n v·ªÅ chƒÉm s√≥c s·ª©c kho·∫ª, s·∫Øc ƒë·∫πp v√† y t·∫ø ƒëang c·∫ßn tuy·ªÉn g·∫•p v·ªã tr√≠ Nh√¢n vi√™n IT l√†m vi·ªác t·∫°i tr·ª• s·ªü ch√≠nh c√≥ ƒë·ªãa ch·ªâ t·∫°i H√†m Nghi, C·∫ßu Di·ªÖn, Nam T·ª´ Li√™m, H√† N·ªôi.
M·ª©c l∆∞∆°ng 10.000.000-‚Ä¶ Xem th√™m"
10,56,,,E xin job front end
11,56,23-7-2022 07:21,,E xin job java a
12,56,,,e xin jd fresher java ·∫°
13,56,,,Em xin JD Frontend v·ªõi ·∫°
14,56,,,b check ib m√¨nh nha
15,56,,,em xin jd Front-End ·∫°
16,56,23-7-2022 00:02,,Em xin jd java v·ªõi ·∫°
17,56,,,Em xin jd java v·ªõi ·∫°
18,56,22-7-2022 20:41,,Em g·ª≠i CV c·ªßa em t·ªõi mail c·ªßa anh r·ªìi ·∫°. Email c·ªßa em l√† nguyenbakhoi.hust@gmail.com
19,56,23-7-2022 11:33,,E xin jd ·∫°
20,56,,,Em xin tt ·∫°
21,56,22-7-2022 15:26,,e xin jd ·∫°
22,56,22-7-2022 06:02,,m√¨nh xin jd Frontend vs
23,56,23-7-2022 00:30,,B·∫£o Long xin ch√¢n v·ªõi
24,56,22-7-2022 21:50,,em xin jd java ·∫°
25,56,23-7-2022 23:55,,Thu·∫ßn Nguy·ªÖnn
26,56,,,Cho em xin jd v·ªõi ·∫°
27,56,22-7-2022 07:34,,.
28,56,23-7-2022 15:09,,E xin jd FE v√† java vs ·∫° thanks
29,56,,,E xin jd FE ·∫°
30,56,,,E xin jd fe v·ªõi ·∫°
31,56,22-7-2022 00:49,,Em xin jd fe v·ªõi ·∫°
