1,1,,,Phạm Thị Như Hiếu bạn check ib mình nhé
1,3,,,Hoàng Nhi em check ib c nhé
1,4,,,Đỗ Tình em check ib c nhé
1,7,,,Nguyễn Quang Huy em check ib c nhé
1,8,,,Thành Hải em check ib c nhé
1,10,,,Tiến Anh em check ib c nhé
2,11,28-9-2022 13:58,,Nga Nguyễn tăng tương tác zí em đó
1,11,,,Long Nguyễn like gì lắm z a :<
2,11,28-9-2022 14:19,,Nga Nguyễn em check ib c nha
1,13,,,Thu Trang em check ib c nhé
1,14,,,Thiên Phước em check ib c nhé
1,15,,,Lê Hoàng Long bất ổn quá a
1,16,,,Danh Lê bạn check ib mình nhé
1,17,28-9-2022 11:14,,"Nguyen Quốc Anh Quân HCM thì hiện tại bên chị đang tuyển Android, ios, Flutter, FE, Java, .Net, Python, Nodejs thui em nha"
1,18,,,Ngọc Thành em check ib c nhé
1,19,27-9-2022 16:31,,https://tieudiem.12h.biz/tang-code-trai-nghiem-100k...
2,19,28-9-2022 11:08,,Lê Hoàng Trung em check ib c nhé
2,21,28-9-2022 21:25,,Nguyễn Đình Biển mời bạn cho t jd
1,21,,,Xoan Hoàng apply bên t đi
2,21,30-9-2022 20:19,,Xoan Hoàng em check ib c nhé
1,25,,,Nguyễn Duy Trung em check ib c nhé
1,27,,,Võ Hoàng Nam hiện bên mình chưa tuyển ạ
1,28,,,Minh Quân em check ib c nhé
1,29,,,Phạm Long em check ib c nhé
1,30,,,Nguyễn Hữu Quân em check ib c nhé
1,31,,,Lương Thị Thanh em check ib c nhé
1,32,28-9-2022 11:12,,Nguyễn Xuân Nguyễn AI bên chị hiện tại chỉ tuyển Hà Nội thôi em ạ
1,33,,,Tuấn em check ib c nhé
1,34,,,Thi Thư em check ib c nhé
1,35,,,Nguyễn Văn Nam em check ib c nhé
1,37,,,Quang Huỳnh em check ib c nhé
2,38,4-10-2022 13:15,,Phạm Minh Hiếu xin hộ bn
1,38,,,Huy Reeve tưởng làm viettel ông
2,38,4-10-2022 11:55,,Huy Reeve em check ib c nhé
1,39,,,Nam Anh em check ib c nhé
1,40,,,Nguyễn Hoàng em check ib c nhé
1,41,,,Trần Thế Ngọc em check ib c nhé
1,42,,,Miinh Anh em check ib c nhé
1,43,,,Lê Sơn em check ib c nhé
1,45,,,Anh Thi e check ib c nhé
1,46,30-9-2022 20:21,,Khôi Lê ATTT hiện tại bên chị chỉ tuyển ở HN thôi em ạ. HCM bên chị đang tuyển Dev và Test thôi nè
1,48,,,Thu Le em check ib c nhé
1,49,,,Hoang Lương em check ib c nhé
1,50,,,Thế Lân em check ib c nhé
1,51,,,Nguyễn Duy Khánh em check ib c nhé
1,53,,,Trần Hữu Tài em check ib c nhé
1,54,,,Liên Lạnh Lùng em check ib c nhé
1,55,,,Quoc Nguyen em check ib c nhé
1,56,,,Minh Nhật em check ib c nhé
1,57,,,Trần Nguyễn Thành Đạt em check ib c nhé
1,58,,,Ngài Trọng em check ib c nhé
1,59,,,Aiden Nguyễn em check ib c nhé
1,60,,,Đỗ Đức Mạnh em check ib c nhé
1,61,,,Gia Bảo em cần thông tin của vị trí nào nhỉ?
1,63,,,Phạm Thanh Bình em check ib c nhé
1,64,,,Sang Nguyen em check ib c nhé
1,65,,,Đinh Thông em cần thông tin của vị trí nào vậy nhỉ
1,67,,,Kiên Văn em check ib c nha
1,68,,,Nguyễn Hữu Phúc em check ib c nhé
1,69,,,L.Xuân Hữu em check ib c nhé
1,70,,,Hạ Lâm em check ib c nhé
2,74,5-10-2022 10:02,,Tờ Jan c rep e ạ
1,74,,,Kim Dân em check ib c nhé
1,76,,,Ninh Hoàng Khải em check ib c nhé
1,81,,,Mi Mi em check ib c nhé
1,82,,,Hung Do em check ib c nhé
2,83,30-9-2022 20:33,,Tờ Jan Al engineer/ data engineer
3,83,30-9-2022 20:44,,Phạm Việt Tiến em check ib c nhé
1,83,30-9-2022 20:27,,Phạm Việt Tiến em quan tâm tới vị trí nào mà bên chị đang tuyển vậy ^^
2,84,30-9-2022 20:57,,Tờ Jan BA có cần kinh nghiệm j k ạ
3,84,30-9-2022 21:04,,"Phạm Dũng CTV thì bên chị tuyển khoảng 5,6 tháng kinh nghiệm còn nhân viên chính thức thì trên 1 năm em nhé"
1,84,,,Phạm Dũng chỉ có BA bên chị tuyển trái ngành thôi em ạ
1,5,,,Phạm Tú bạn check tn chờ/ spam giúp mình nhé ạ
1,12,,,Hào Lê Tuấn bạn check tn chờ/ spam giúp mình nhé ạ
1,16,,,Nguyễn Công Phong bạn check tn chờ/ spam giúp mình nhé ạ
1,17,,,Duy Anh Nguyễn bạn check tn chờ/ spam giúp mình nhé ạ
1,19,,,Phan Ngọc Danh chất
1,20,,,Minh Nguyễn bạn check tn chờ/ spam giúp mình nhé ạ
1,1,4-10-2022 22:34,,Tùng Anh
2,1,5-10-2022 10:18,,Tùng Anh a check ib nhé
2,2,4-10-2022 21:09,,Nguyễn Thanh Trà chưa có chị ơi
3,2,4-10-2022 21:23,,Nguyễn Tuấn Linh a check spam nha a
1,2,,,Nguyễn Tuấn Linh a check ib nhé
2,3,4-10-2022 17:52,,Nguyễn Thanh Trà hic v ngoại ngữ kém
1,3,,,Vũ Văn Thiên dạ hiện tại HCM đang tuyển SAP tiếng Hàn a nhé
1,4,,,Lê Sơn đỉnh luôn
2,4,5-10-2022 10:19,,Lê Sơn a check ib nhé
1,5,,,Trịnh Bá Minh Ninh a check ib nhé
1,6,,,Tran Cao Tuan a check ib nhé
1,7,,,Hồ Hồng Đức a check ib nhé
1,8,,,a check ib nhé
1,9,,,Phúc Nguyễn a check ib nhé
1,10,,,Đức Nguyễn a check ib nhé
1,11,,,Lê Tuấn Anh a check ib nhé
1,12,,,Mai Thảo Linh c check ib nha
1,13,,,a check ib nhé
1,14,,,a check ib nhé
1,15,,,c check ib nhé
1,16,,,Dư Hoài c check ib nhé
1,17,,,Việt Lê a check ib nha
1,18,,,Bảo Ngọc c check ib nhé
1,19,,,Nguyễn Hữu Phúc a check ib nhé
1,22,,,Khang a check ib nhé
1,23,,,Nguyễn AnhDũng a check ib nhé
1,24,,,Hoàng Vũ a check ib nhé
1,25,,,a check ib nhé
1,5,,,Tùng Dương ứng tuyển kìa bạn
2,5,12-10-2022 16:56,,"Mình gửi JD nhé.
https://docs.google.com/.../1KA2Sie31ZdtNHL0NbnbxfrQ.../edit"
3,5,12-10-2022 16:58,,"Tùng Dương Mức lương và phúc lợi công ty mình offer để phù hợp với yêu cầu công việc và kỹ năng. Còn về môi trường làm việc và văn hóa công ty thì khá thoải mái, có lộ trình đào tạo rõ ràng"
2,1,24-7-2022 09:19,,Hằng Kin P giờ vào là team mình lại loạn lên đấy nên đợi thời gian sau
3,1,24-7-2022 09:30,,"Văn Phương
đợi cho đến bao giờ,lâu lắm,héo mòn"
1,1,,,"Văn Phương
yess,b làm chân
cho mk đủ doanh số"
2,2,24-7-2022 09:46,,Hằng Kin ntn money để đâu cho hết c nhỉ
3,2,24-7-2022 09:48,,Nguyễn Dương chết đói thôi
1,2,,,Nguyễn Dương ib chỗ thầm kín nha e
2,3,24-7-2022 10:20,,Mỵ Em Kin Hằng chị ơi chị tư vấn bên Tester cho b iem với ạ
3,3,24-7-2022 10:21,,Mỵ Em oki ib chị nha
1,3,,,Nguyễn Dương lập trình mà
1,6,,,Nguyễn An rep mk nha b
1,10,,,Hoàng Anh Quý ib nha b
1,11,,,Nguyễn Thế Hoàng rep ib nha b
1,13,,,Phước Đạt b rep ib mk nha
1,14,,,Phan Đức Huy b ib mk
1,15,,,Văn Thuận rep mk nha
1,16,,,Lê Quang Huy ib mk nha
1,17,,,Lê Tiến Dũng rep ib nha b
1,18,,,Lê Ngọc Vũ rep ib mk nha
1,20,,,Nguyễn Quang Vinh dạ rep ib b nha
1,21,,,Vi Đức req mk nha
1,22,,,Đỗ Phúc ib nha b
1,23,,,Vũ Quang Ngọc rep ib nha b
1,24,,,Nguyễn Khoa ib nha b
1,25,,,Phương Anh Lê ib mk
1,26,,,Lê Thành Đạt b rep ib mk
1,27,,,Vũ Đức Thắng ib nha b
1,28,,,Thành Trung b ib mk
1,29,,,Kim Thắng ib mk nha b
1,31,,,Ppham Pphuc rep ib nha b
2,31,25-7-2022 08:53,,Ppham Pphuc check ib mình với ạ
1,32,,,Trần Dương b ib mk
1,33,,,Hải Nguyễn Đức b ib mk
1,35,,,"Long Vũ co nha b,b rep ib mk"
1,36,,,Đàm Xuân Thủy ib nha b
1,38,,,Việt Hưng ib nha b
1,39,,,Đàm Xuân Thủy ib nha b
1,40,,,Trần Linh Nga b rep ib mk nha
3,40,24-7-2022 12:19,,Vũ Trong Sáng lại lên hn làm xa lắm kk
2,40,24-7-2022 10:13,,Trần Linh Nga https://vieclam.f88.vn/.../chuyen-vien-kiem-thu.../2652...
1,43,,,Hoàng Văn Duy ib mk nha
1,44,,,Nguyễn Duy Hải Anh rep ib nha b
1,45,,,Thanh Ng haha cl
2,45,24-7-2022 11:22,,Tung NT k ạ
1,46,,,Ngọc Khiêm b rep ib nha
2,46,25-7-2022 08:54,,Ngọc Khiêm check ib mình với ạ
1,47,,,Vuong Vu b ib mk nhé
1,48,,,Hoài Thu b rep ib nha
1,49,,,Tran Nguyen req mk nha
3,49,25-7-2022 17:23,,anh vào được fsoft anh khao em bữa
2,49,25-7-2022 17:17,,Tran Nguyen hài
4,49,26-7-2022 09:10,,"Kiên Trung Lê
Em rất vui khi nhận được thư mời phỏng vấn từ công ty.
Em xin xác nhận lại là em sẽ có mặt trong buổi phỏng vấn vào ngày 27/07 23:00. Nếu cần thêm thông tin hay giấy tờ gì xin anh chị hay cho em biết để em có đc sự chuẩn bị tốt nhất. Em xin cảm ơn.… Xem thêm"
3,49,26-7-2022 09:06,,"Tran Nguyen chúng tôi đánh giá CV của a là phù hợp, hẹn a 23h00 ngày 27/07/2022 lên 1900 phỏng vấn nhé"
1,1,,,Nguyễn Trung Hậu em check mục tin nhắn chờ nha
1,3,,,Ahihi em check tin chờ nha
1,7,,,Nguyễn Huy Trí Cường em check tin chờ nha
1,14,,,Lập Phong em check tin chờ nha
1,15,,,Xuân Thuận e check tin nhắn chờ nha
1,20,,,Phạm Minh Cơ em check tin nhắn chờ nha
1,21,,,Võ Đạt em check mục tin chờ nha
1,23,,,"Bảo Bảo flutter là mobile rồi, java đó"
2,24,4-9-2022 19:13,,Ly Duong dạ
1,24,,,Nguyễn A. Tài em check tin nhắn chờ nha
1,25,,,Chu Toàn em check mục tin nhắn chờ nha
1,27,,,Nguyên Nguyễn em check mục tin chờ nha
1,30,,,Nguyen Tran có em nhé
3,30,4-9-2022 15:26,,Nguyen Tran e check tin nhắn chờ nha
2,30,4-9-2022 15:23,,"Anh có thể cho em xin JD được không an? Em có thể sử dụng C#, Java ạ"
1,33,,,Lê Hoàng Phúc em check tin nhắn chờ nhận JD nhé
1,36,,,Duy Nguyễn e check tin nhắn chờ nha
1,38,,,Le Dang Gia Minh em check mục tin nhắn chờ nha
1,43,,,Nhựt Quang Huỳnh em check mục tin nhắn chờ nhận Jd nha
1,44,,,Nguyen Tran em check mục tin nhắn chờ nha
1,61,,,Minh Thịnh em check mục tin nhắn chờ nha
1,63,,,Nguyễn Long em check tin nhắn chờ nha
1,67,,,Ngọc Luân e check mục tin nhắn chờ nha
1,68,,,Phan Nguyễn Đăng Trường em check tin nhắn chờ nhận JD
1,69,,,Thế Lân bạn check mục tin nhắn chờ
1,70,,,Lưu Thiên Nam em check tin nhắn chờ nha
1,1,,,e check ib nhé
1,2,,,Hoàng Tài e check ib nhé
1,3,,,Chu Tiến Mạnh e check ib nhé
1,4,,,e check ib nhé
1,9,,,Đỗ Ngọc Lợi no
2,12,10-10-2022 15:06,,Thanh Hằng java ạ
1,12,,,em quan tâm job nào nhỉ
1,1,,,Lê Hoàng e check tn spam nhé
2,2,23-9-2022 10:24,,Thanh Hằng front-end với nodejs ạ
1,2,,,em hỏi job nào nhỉ
2,3,26-9-2022 14:55,,Thanh Hằng em hỏi jb tts java ạ
1,3,,,Phạm Tú em hỏi job nòa nhỉ
1,4,,,Nam Anh e check ib nhé
1,5,,,Nam e check ib nhé
1,6,,,bạn check ib mình nhé
1,7,,,Hồng Hải e check ib nhé
1,8,,,Lê Hoàng Trung e check ib nhé
1,9,,,Nguyễn Văn Lộc e check ib nhé
1,10,,,Quang Trường e check ib nhé
1,11,,,Phạm Tuấn bên c chưa tuyển tts FE rùi
2,11,22-9-2022 11:21,,C cho e xin jd fresher fe ạ
1,12,,,Vũ Triệu e check ib nhé
1,13,,,Quốc Việt e check ib nhé
1,14,,,Tây Độc Đông Tà e check ib nhé
1,15,,,e check tn spam nhé
1,16,,,e check ib nhé
1,17,,,Minh An e check ib nhé
1,18,,,Nguyễn Lương bên c chưa tuyển tts FE rùi
1,19,,,Tuấn Võ FE bên c chưa tuyển TTS rồi
1,20,,,Dan Tran e check ib nhé
2,28,12-10-2022 13:37,,Vâng ạ
1,28,,,bên c ngưng tuyển nodejs r nha
1,29,,,Nguyễn Quang Huy e check ib nhé
1,30,,,Đinh Duy Thanh e check ib nhé
2,33,3-10-2022 17:29,,Thanh Hằng hiện tại e chưa có kinh nghiệm ạ
3,33,5-10-2022 13:41,,Tuấn Võ vậy đợt này bên chị chưa tuyển rùi
4,33,5-10-2022 13:53,,Thanh Hằng dạ vâng e cảm ơn ạ
1,33,,,"Tuấn Võ Hi em, em có kinh nghiệm chưa nhỉ"
2,1,9-10-2022 16:16,,Diệp Nguyễn E xin jd
1,1,,,Phạm Văn Tuân bạn check tin nhắn chờ/spam nhé
1,4,,,Lâm Nguyễn bạn check tin nhắn chờ/spam nhé
1,1,,,Phạm Quang Chiến ?
2,1,8-10-2022 16:54,,"Phạm Quang Chiến chào em, chị gửi link JD và ứng tuyển nhé: https://mily.vn/UCjhHPr"
1,2,8-10-2022 16:54,,"Đinh Trọng San chào em, chị gửi link JD và ứng tuyển nhé: https://mily.vn/UCjhHPr"
1,3,8-10-2022 16:54,,"Nhật Lê chào em, chị gửi link JD và ứng tuyển nhé: https://mily.vn/UCjhHPr"
1,4,5-10-2022 23:47,,"Sơn Nguyễn chào em, chị gửi link JD và ứng tuyển nhé: https://mily.vn/UCjhHPr"
1,7,5-10-2022 23:47,,"Trần Huy Hoàng chào em, chị gửi link JD và ứng tuyển nhé: https://mily.vn/UCjhHPr"
1,8,5-10-2022 23:47,,"Ngọc Trường chào em, chị gửi link JD và ứng tuyển nhé: https://mily.vn/UCjhHPr"
1,9,6-10-2022 09:36,,"Mai Hồng Quân chào em, chị gửi link JD và ứng tuyển nhé: https://mily.vn/UCjhHPr"
1,11,6-10-2022 16:38,,"Lâm Phương chào em, chị gửi link JD và ứng tuyển nhé: https://mily.vn/UCjhHPr"
1,13,5-10-2022 23:47,,"Duy Nam chào em, chị gửi link JD và ứng tuyển nhé: https://mily.vn/UCjhHPr"
1,14,6-10-2022 08:12,,"Mạnh Hiếu chào em, chị gửi link JD và ứng tuyển nhé: https://mily.vn/UCjhHPr"
1,15,5-10-2022 23:47,,"Đức Quyền chào em, chị gửi link JD và ứng tuyển nhé: https://mily.vn/UCjhHPr"
1,17,,,.
2,17,5-10-2022 22:35,,.
3,17,5-10-2022 22:35,,.
1,7,,,Thành Trung em check ib c nhé
1,11,,,Văn Hùng em check ib c nhé
1,12,,,em check ib nhé
1,13,,,Hao Nguyen e check ib nhé
1,14,,,Nguyễn Quyết Tiến em check ib chị nhé
1,15,,,Thế Luật em check ib c nhé
1,16,,,Hoa Le em check ib nhé
1,20,,,Đạt Nguyễn e check ib nhé
1,1,,,Bùi Thành Nam em check tin chờ nha
1,2,,,Ngọc Diễmm em check tin chờ nha
1,3,,,Duy Ngọc Nguyễn em check tin chờ nha
1,4,,,Tuấn Kiệt em check tin chờ nhận jd nha
1,5,,,Thanh Nhân em check tin nhắn chờ nha
1,9,,,Ngọc Kidou em check tin nhắn chờ nha
1,10,,,Lương Ngụy em check tin chờ nha
1,16,,,Hathor Luo em check tin nhắn chờ nha
1,18,,,Nguyễn Tấn Phát e check tin chờ nha
1,19,,,Sơn Hà e check tin nhắn chờ nha
1,20,,,Nguyễn Ngọc Thông em check tin nhắn chờ nha
1,21,,,Đỗ Trọng e check tin chờ nha
1,22,,,Khang Nguyen em check tin nhắn chờ
1,23,,,Le Hai Anh em check tin nhắn chờ nha
1,26,,,Phạm Tiến Đạt em check tin nhắn chờ nhận jd nha
2,26,17-7-2022 18:10,,Phạm Tiến Đạt gần nhà luôn này
1,29,,,Phan Kiệt em check tin nhắn chờ nha
1,31,,,Hòa Thuận em check tin nhắn chờ nha
1,33,,,Dương An em check tin nhắn chờ nha
1,35,,,Trịnh Khang em check tin nhắn chờ nha
1,36,,,Trần Tuấn Huy e check tin chờ nha
1,37,,,Hào Trần em check tin chờ nhé
1,38,,,Đỗ Kiên em check tin nhắn chờ or spam nhé
1,40,,,Thanh Hải em check tin nhắn chờ nhé
1,41,,,Hoàng em check tin nhắn chờ nha
1,43,,,Nguyễn Vạn Phát em check tin nhắn chờ nha
1,44,,,Tiến Sĩ em check tin chờ nhận jd
1,45,,,Nam Phan em check tin nhắn chờ nha
2,45,17-7-2022 20:23,,Nam Phan ghê ta
1,49,,,Lương Hoàng Quân e check tin nhắn nha
1,51,,,Quỳnh Nhi em check tin nhắn chờ nha
1,54,,,Tuan Rider em check tin nhắn chờ nha
1,59,,,Lê Mây em check tin nhắn chờ nha
1,63,,,Long Hoàng Phạm e check tin nhắn chờ or spam nha
1,66,,,Rella Minions em check tin nhắn chờ hoặc spam nhé
1,67,,,An Lê em check tin nhắn chờ nha
1,1,,,Duy Mạnh em check ib chị nha
1,2,,,Nhựt Thảo em check ib c nha
1,3,,,Nguyen Huy Hoang em check ib chị nhé
1,4,,,Sằn Đức Hùng em check ib chị nha
1,5,,,Nguyễn Thanh Hiếu em check ib c nha
1,7,,,Anh Tuan Nguyen em check ib c nha
2,8,27-7-2022 11:04,,Tờ Jan vâng em nhận được rồi
1,8,,,Kim Hương em check ib c nha
1,9,,,Trần Trung em check ib c nhé
1,10,,,Trần Lê Hoài Thy em check ib c nha
1,12,,,Kim Tuyền em check ib chị nha
1,13,,,Lương Ngụy em check ib chị nha
1,14,,,Nguyễn Huyền em check ib c nha
2,15,21-7-2022 21:31,,Lại Trường em check ib c nha
1,15,,,Mỹ Huyền ké ạ
2,15,21-7-2022 21:31,,Mỹ Huyền em check ib chị nha
1,16,,,Uyên Tỉ em check ib chị nha
1,17,,,Văn Thuận em check ib c nha
2,19,29-7-2022 23:52,,Võ Duy Việt Backend m
1,19,,,Phạm Văn Đông tính theo mảng nào thế m
1,20,,,Dương An em check ib c nha
1,21,,,Nguyễn Phi Long em check ib chị nha
1,22,,,Chí Thành em quan tâm tới vị trí nào vậy Thành
2,22,21-7-2022 21:42,,Dạ em quan tâm Developer và Data Engineer ạ
2,23,21-7-2022 21:37,,Tờ Jan dạ vâng ạ
1,23,,,Phạm Trung em check ib chị nha
1,24,,,Phùng Đức Đạt em check ib c nha
1,26,,,Vũ Quang Ngọc bạn check ib mình nha
1,27,,,Nguyễn An Linh em check ib chị nha
1,28,,,Trung Nguyen em check ib c nhé
1,29,,,Nguyễn Thiên Minh em check ib c nha
1,30,,,Nguyễn Phạm Mạnh Cường em check ib chị nha
1,31,,,Trần Phú Qúi em check ib c nha
1,33,,,Nguyễn Tú Anh bạn check ib mình nhé
1,34,,,Bom Bao Bánh em check ib c nha
1,37,,,Nguyễn Thanh Tùng em check ib c nha
1,38,,,Lê Nam em check ib c nhé
1,39,,,Đỗ Trọng em check ib chị nha
1,40,,,Hưng Trương em check ib chị nha
1,41,,,Vũ Nguyễn Đình Linh em check ib c nha
2,42,21-7-2022 21:51,,"Tờ JanTờ Jan node js ạ,mà bên mình tuyển tts k ạ"
3,42,21-7-2022 22:00,,"Ngọc Dương Hiện tại bên chị tuyển Fresher thôi em ạ, nhưng mà cũng không yêu cầu kinh nghiệm đâu. Chị gửi JD qua tin nhắn cho em rồi đó"
1,42,,,"Ngọc Dương Hi em, em quan tâm tới vị trí nào vậy"
1,43,,,Hoàng Hồng Hạnh em check ib c nha
1,44,,,"Việt Đoàn chào em, em quan tâm tới vị trí nào vậy"
1,45,,,Trung Nguyễn em check ib c nha
1,46,,,Trường Nguyễn em checi ib c nha
1,49,,,Hội Trần em check ib chị nha
1,50,,,Nguyễn Việt Dũng em check ib c nha
1,52,,,Thang Dinh em check ib c nha
1,53,,,Nhật Nguyễn em check ib c nha
1,54,,,Chí Thanh em check ib chị nha
1,55,,,Đỗ Hữu Đại em check ib c nhé
1,57,,,Duy Khanh em check ib c nha
1,58,,,Hải Dương em check ib c nhé
1,59,,,Lưu Ly em check ib c nhé
1,61,,,Lữ Trọng Tuấn bạn check ib mình nhé
1,62,,,Minh Minh Minh em check ib c nha
1,64,,,Duy Anh Vũ em check ib c nha
1,65,,,Nguyễn Đức em check ib chị nha
1,66,,,Chi Lamy em check ib c nha
1,67,,,Nguyen Duc Minh em check ib chị nha
1,68,,,"Bi Nguyen hi em, em cần thông tin của vị trí nào vậy"
1,70,,,Lê Đức em check ib c nhé
1,72,,,"Ho Viet Anh Chào em, em quan tâm tới vị trí nào vậy"
1,74,,,Quang Huy em check ib c nha
1,1,,,Thanh Thanh Hà C check inbox mình nha
1,2,,,Bình Kenny Bạn check inbox mình nha
1,3,,,Mạnh Tiến Bạn check inbox mình nha
1,4,,,Hoàng Sơn bạn check inbox mình nha
1,5,,,Thế Việt Bạn check inbox mình nha
1,6,,,Nguyễn Nghĩa Bạn check inbox mình nha
2,7,7-3-2022 08:22,,Vũ Đăng Tình vậy php thì sao ạ
3,7,7-3-2022 08:22,,"Ant.Nguyễn Nam Trường Tiếc quá, php cũng thế"
4,7,7-3-2022 08:23,,Vũ Đăng Tình dạ vầng ạ e cảm ơn
1,7,7-3-2022 08:21,,"Ant.Nguyễn Nam Trường Chào bạn ở HN job này chưa tuyển lại, hiện chỉ đang tuyển ở HCM thôi"
1,9,,,Huy An Bạn check inbox mình nha
1,10,,,Duy Đỗ Bạn check inbox mình nha
1,11,,,Bùi Thế Ngọc Bạn check inbox mình nha
2,12,11-2-2022 07:03,,Vũ Thị Bích Ngọc sao đó bé ei
1,12,,,Lương Dung ..
2,12,11-2-2022 07:40,,Lương Dung Bạn check inbox mình nha
1,14,,,Suzu Urano bạn check inbox mình nha
1,15,,,Ánh Nguyệt Bạn check inbox mình nha
1,16,,,Bạn check inbox mình nha
1,17,,,Anh Dung Bui Bạn check inbox mình nha
1,19,,,Huy Nguyễn Bạn check inbox mình nha
1,20,,,Nguyễn Thanh Tùng Bạn check inbox mình nha
2,20,12-2-2022 21:43,,Nguyễn Thanh Tùng máu thế
1,21,,,Võ Lâm Phi Hùng Bạn check inbox mình nha
1,22,,,Nguyễn Thế bạn check inbox mình nha
1,24,,,Trần Định bạn check inbox mình nha
1,25,,,Hoài Su Bạn check inbox mình nha
1,26,7-3-2022 21:04,,"Phạm Nguyên Phú chào bạn, tiếc quá job này đang tạm dừng tuyển nha"
1,27,,,Trần Quang Duy Bạn check inbox mình nha
1,28,,,Nguyễn Đình Nghĩa Bạn check inbox mình nha
1,29,,,Cổ Phúc Hậu Bạn check inbox mình nha
1,30,,,Thuỷ Nguyễn bạn check inbox nha
1,32,,,Gà Con Bạn check inbox mình nha
1,33,13-2-2022 21:39,,"Hoàng Việt Chào bạn, rất tiếc job Flutter đang tạm thời dừng tuyển."
1,34,,,Nguyễn Văn Quang Linh Bạn check inbox mình nha
1,35,,,Nghĩa Hoàng bạn check inbox mình nha
1,36,,,Hà Minh Hoàng bạn check inbox mình nha
2,37,7-3-2022 14:32,,Vũ Đăng Tình dạ em cảm ơn
1,37,,,Sophie Sophie Không bạn nhé
1,38,13-2-2022 21:39,,"Duy Pham Chào bạn, rất tiếc job Flutter đang tạm thời dừng tuyển."
1,39,17-2-2022 21:34,,"Võ Phúc Sơn Chào bạn, rất tiếc job Flutter đang tạm thời dừng tuyển."
1,40,,,Bùi Thanh Sơn Bạn check inbox mình nha
1,41,,,Ngọc Ánh Bạn check inbox mình nha
1,42,,,"Tuấn Nam Chào bạn, tiếc quá job này hiện đã tuyển xong rồi nha"
1,43,,,TR Anh Lan Bạn check inbox mình nha
1,44,,,Vo Danh Bạn check inbox mình nha
1,45,,,Long Hoàng Phạm bạn check inbox mình nha
1,46,,,My Duong Chan Bạn check inbox mình nha
1,49,,,Trịnh Thị Mai Bạn check inbox mình nha
1,50,,,Nguyễn Minh Tú Bạn check inbox mình nha
1,51,,,Huỳnh Nguyễn Hiếu Nghĩa Bạn check inbox mình nha
1,52,,,Lý Bùi Bạn check inbox mình nha
1,53,,,Ngọc Quỳnh Bạn check inbox mình nha
1,54,,,"Văn Hảo Chào bạn, ở HCM không tuyển job này nha"
1,55,,,Huy Dragneel Bạn check inbox mình nha
1,56,,,Tuấn Anh bạn check inbox mình nha
1,1,,,Hải Trần chek ib nha em ơi
1,2,,,Đoan Trần check ib nha em ơi
1,4,,,Quang Hữu Phạm check ib nha e
1,5,,,Nguyễn Minh em check tn chờ / spam nhé
1,6,,,Lê Văn Thuận ib nha em ơi
1,7,,,Văn Bắc check ib nha em ơi
1,9,,,ib nha e ơi
1,11,,,Phạm Long ib nha e ơi
1,12,,,Nguyễn Xuân Minh check tn chờ/ spam giúp c nha
1,15,,,Tung Nguyen check tn chờ / spam giúp c nha
1,17,,,Nguyễn Hùng bên mh dừng tuyển ròi nhé
2,18,9-9-2022 14:56,,Bình An em xin intern reactjs ạ
3,18,9-9-2022 15:00,,Nhu Huy em check tn chờ / spam nhé c ib ròi nhé
1,18,,,Nhu Huy em muốn vị trí nào vậy
1,19,,,Quang Trường chek ib nha em ơi
1,20,,,Quách Truyền check tn chờ / spam nhé em .
1,21,,,Phan Nguyễn Thành Duy check ib nha e ơi
1,23,,,Sơn Hoàng ib nha em ơi
1,24,,,Nguyễn Tuân check ib nha e ơi
1,25,,,Trần Tùng check tn chờ/ spam giúp m nha
1,26,,,Bá Hợp check ib nha e ơi
1,27,,,Trần Yên check ib nha bạn ơi
1,28,,,Lương Ngọc Huy chek ib nha em ơi
1,29,,,Hoang Viet Anh check ib nha em oi
1,30,,,Ngoc Khanh ib nha em ơi
1,32,,,Thắng Bùi Bạn ib nha .
1,34,,,.
1,35,,,Kiên Nguyễn ib nha em oi
1,36,,,Gà Con check tn chờ / spam e nhé .
1,37,,,Dương Moon ib nha em ơi .
1,38,,,Phương Thảo ib nha e ơi
1,39,,,Debug Xuyên Đêm chek ib nha em ơi.
1,40,,,Trần Việt Annh chek ib nha em ơi .
1,41,,,Đạt Đạt check ib nha e ơi
2,45,11-9-2022 09:31,,Bình An em muốn xin vị trí fresher ReactJS ạ
3,45,11-9-2022 09:36,,Đức Chung Phạm em check ib nha .
4,45,11-9-2022 09:37,,Bình An vâng
1,45,,,Đức Chung Phạm em muốn vị trí nào vậy
1,46,,,Đạt Quang ib nha em ơi .
1,47,,,Anh Quan ok check ib nha em ơi
1,48,,,Dinh Tú ok em check ib nha
1,49,,,Ngọc Trâm ok em check ib nha
2,49,10-9-2022 15:59,,Ngọc Trâm chỉ tuyển ở HN thôi e ơi
1,1,,,Hải Trần chek ib nha em ơi
1,2,,,Đoan Trần check ib nha em ơi
1,4,,,Quang Hữu Phạm check ib nha e
1,5,,,Nguyễn Minh em check tn chờ / spam nhé
1,6,,,Lê Văn Thuận ib nha em ơi
1,7,,,Văn Bắc check ib nha em ơi
1,9,,,ib nha e ơi
1,11,,,Phạm Long ib nha e ơi
1,12,,,Nguyễn Xuân Minh check tn chờ/ spam giúp c nha
1,15,,,Tung Nguyen check tn chờ / spam giúp c nha
1,17,,,Nguyễn Hùng bên mh dừng tuyển ròi nhé
2,18,9-9-2022 14:56,,Bình An em xin intern reactjs ạ
3,18,9-9-2022 15:00,,Nhu Huy em check tn chờ / spam nhé c ib ròi nhé
1,18,,,Nhu Huy em muốn vị trí nào vậy
1,19,,,Quang Trường chek ib nha em ơi
1,20,,,Quách Truyền check tn chờ / spam nhé em .
1,21,,,Phan Nguyễn Thành Duy check ib nha e ơi
1,23,,,Sơn Hoàng ib nha em ơi
1,24,,,Nguyễn Tuân check ib nha e ơi
1,25,,,Trần Tùng check tn chờ/ spam giúp m nha
1,26,,,Bá Hợp check ib nha e ơi
1,27,,,Trần Yên check ib nha bạn ơi
1,28,,,Lương Ngọc Huy chek ib nha em ơi
1,29,,,Hoang Viet Anh check ib nha em oi
1,30,,,Ngoc Khanh ib nha em ơi
1,32,,,Thắng Bùi Bạn ib nha .
1,34,,,.
1,35,,,Kiên Nguyễn ib nha em oi
1,36,,,Gà Con check tn chờ / spam e nhé .
1,37,,,Dương Moon ib nha em ơi .
1,38,,,Phương Thảo ib nha e ơi
1,39,,,Debug Xuyên Đêm chek ib nha em ơi.
1,40,,,Trần Việt Annh chek ib nha em ơi .
1,41,,,Đạt Đạt check ib nha e ơi
2,45,11-9-2022 09:31,,Bình An em muốn xin vị trí fresher ReactJS ạ
3,45,11-9-2022 09:36,,Đức Chung Phạm em check ib nha .
4,45,11-9-2022 09:37,,Bình An vâng
1,45,,,Đức Chung Phạm em muốn vị trí nào vậy
1,46,,,Đạt Quang ib nha em ơi .
1,47,,,Anh Quan ok check ib nha em ơi
1,48,,,Dinh Tú ok em check ib nha
1,49,,,Ngọc Trâm ok em check ib nha
2,49,10-9-2022 15:59,,Ngọc Trâm chỉ tuyển ở HN thôi e ơi
1,1,,,Hùng Vũ Bạn check tin nhắn chờ/spam nhé
1,2,,,Tien Nguyen Bạn check tin nhắn chờ/spam nhé
1,3,23-8-2022 08:12,,Nguyễn Đức Cường Bạn xin jd vị trí gì và ở khu vực HN hay HCM ạ?
3,3,23-8-2022 09:05,,Nguyễn Đức Cường Bạn xin jd vị trí gì?
4,3,23-8-2022 09:05,,Anh Nguyen intern ạ
5,3,23-8-2022 09:06,,reactjs
6,3,23-8-2022 09:06,,Nguyễn Đức Cường Bạn check tin nhắn chờ/spam nhé
2,3,23-8-2022 08:40,,hà nội ạ
1,4,,,Mai Anh Bạn check tin nhắn chờ/spam nhé
1,5,2-9-2022 10:15,,"Phạm Trọng Hùng Mình gửi 2 JD có tuyển Python nhé https://bit.ly/3QmCB9W
https://bit.ly/3JNcN4A"
1,7,,,Đức Đức Bạn check tin nhắn chờ/spam nhé
1,8,,,"Vũ Tuấn Anh Mình gửi rồi ạ, Bạn check tin nhắn chờ/spam nhé"
1,9,,,Lê Công Chuyện Bạn check tin nhắn chờ/spam nhé
1,10,,,Quang Anh Bạn check tin nhắn chờ/spam nhé
2,10,30-8-2022 09:36,,em cảm ơn ạ
1,11,,,The Anh Tran Bạn check tin nhắn chờ/spam nhé
1,12,,,Khoi Nguyen Bạn check tin nhắn chờ/spam nhé
1,13,,,Linh Vũ Bạn xin jd vị trí gì và ở khu vực HN hay HCM ạ?
1,14,,,Nguyễn Văn Lộc Bạn check tin nhắn chờ/spam nhé
1,15,,,Duong Bui Bạn check tin nhắn chờ/spam nhé
1,17,,,Văn Hùng Bạn check tin nhắn chờ/spam nhé
1,18,,,Minh Quang Bạn check tin nhắn chờ/spam nhé
1,19,,,Vũ Đức Thắng Bạn check tin nhắn chờ/spam nhé
1,20,,,Lê Văn Tùng Bạn check tin nhắn chờ/spam nhé
1,21,,,Nguyễn Chí Hướng Bạn check tin nhắn chờ/spam nhé
1,22,,,Thiên Bình Bạn check tin nhắn chờ/spam nhé
1,23,,,Thiên Bình Bạn check tin nhắn chờ/spam nhé
1,24,,,Việt Đỗ Bạn check tin nhắn chờ/spam nhé
1,25,,,Nhu Huy Bạn check tin nhắn chờ/spam nhé
1,26,,,Nguyễn Hoàn Bạn check tin nhắn chờ/spam nhé
1,27,,,Trần Văn Hưng Bạn check tin nhắn chờ/spam nhé
1,28,,,HỒ PHƯỚC Bạn check tin nhắn chờ/spam nhé
1,29,,,Hưng Bạn check tin nhắn chờ/spam nhé
1,30,28-8-2022 20:13,,"Nguyễn Duy Hùng Bạn ib trước cho mình để mình gửi jd nhé, vì tài khoản bạn kh cho mình ib trước được ấy ạ"
1,31,,,Hiếu Bạn check tin nhắn chờ/spam nhé
1,32,,,Tuấn Anh Chelsea Bạn check tin nhắn chờ/spam nhé
2,32,23-8-2022 09:59,,oke chị ạ
1,33,,,Do Truong Bạn check tin nhắn chờ/spam nhé
1,34,,,Mission Impossible Bạn check tin nhắn chờ/spam nhé
1,35,,,Nguyễn Văn Khắc Bạn check tin nhắn chờ/spam nhé
1,37,,,Trường Sơn Bạn check tin nhắn chờ/spam nhé
1,38,,,Mai Đại Dương Bạn check tin nhắn chờ/spam nhé
1,39,,,Đỗ Chức Bạn check tin nhắn chờ/spam nhé
1,40,,,Debug Xuyên Đêm Bạn check tin nhắn chờ/spam nhé
1,41,,,Lê Phú Bạn check tin nhắn chờ/spam nhé
1,42,,,Lê Thành Nam Bạn check tin nhắn chờ/spam nhé
1,43,,,Mộc Ly Bạn check tin nhắn chờ/spam nhé
1,44,,,Nguyễn Xuân Hiệp Bạn check tin nhắn chờ/spam nhé
1,45,,,Nguyễn Việt Hoàng Bạn check tin nhắn chờ/spam nhé
2,47,23-8-2022 15:30,,Anh Nguyen HN ạ
3,47,23-8-2022 17:04,,Họ Tên Bạn check tin nhắn chờ/spam nhé
1,47,,,Họ Tên Ở HN hay HCM bạn?
1,49,,,Thiên Minh Bạn check tin nhắn chờ/spam nhé
1,50,,,Hoàng Quân Bạn check tin nhắn chờ/spam nhé
1,54,22-8-2022 17:48,,"Lương Ngọc Hải Mình gửi rồi ạ, Bạn check tin nhắn chờ/spam nhé"
1,55,,,Long Trần Bạn xin jd vị trí gì ạ?
1,1,,,Chu Hiếu dạ check ib em liền nha ạ
1,2,,,Quang Minh Dương check ib mình nhé ^^
1,3,,,Bùi Tiến Đức dạ check ib an
1,4,,,Phạm Hồng Thái dạ check ib ạ
1,5,,,Nhật Lê check ib mình ạ
1,1,,,Nghĩa Hoàng mình inbox bạn nhé
1,2,,,dạ mình inbox bạn nhé
1,3,,,Ngọ Quang Bảo ô kê anh ạ :*>
1,4,,,Bạch Văn Thành check inbox mình nhé
1,5,13-9-2022 08:44,,Đức Hữu dạ bạn muốn hỏi job Fresher Java hay Fresher Python ạ?
1,6,,,Nhung Nguyen dạ mình inbox bạn nhé
1,7,,,Thiên Phú mình inbox bạn nhé
1,8,,,Binh Pham mình inbox bạn nhé
1,9,,,Bình An bạn check tin nhắn chờ giúp mình nhé
1,10,,,Nguyễn An Ninh mình inbox bạn nha
1,11,,,Bảo KaKa mình inbox bạn nhé
1,12,,,Lê Hoàng chị inbox em nhé
1,13,,,Hạ Lâm dạ bạn muốn hỏi job Fresher Java hay Fresher Python ạ?
1,14,,,"Đạt Nguyễn Chị inbox nhé, Đạt check tin nhắn chờ giúp chị"
1,15,,,The Anh mình inbox bạn nha
1,16,,,mình inbox bạn nhé
1,18,,,chị inbox em nhé
1,19,,,Nguyễn Duy Hải Anh mình inbox bạn nha
1,21,13-9-2022 08:37,,"Duy Bầu Trời mình inbox bạn nhé, bạn check tin nhắn chờ giúp mình nha"
1,22,,,mình inbox bạn nhé
1,23,,,"Dương Quốc chị inbox em nhé, check tin nhắn chờ giúp chị nha"
2,1,19-9-2022 17:11,,Đức Tuấn :))))
1,1,,,Đăng Vương e đóng 15m nhé
2,1,19-9-2022 17:14,,Đăng Vương Em check inbox c nhé
1,2,,,Ngọc Tân EM check inbox c nhé
2,2,20-9-2022 05:10,,Ngọc Tân ở HN?
1,3,,,Nguyễn Ken Em check tin nhắn chờ c nhé
1,4,,,Dat Tran Quoc Em check inbox c nhé
1,17,,,C inbox e r nha
3,17,20-9-2022 17:47,,Hải quê nam ngoài đó mà
2,17,19-9-2022 17:50,,Nguyễn Văn Nam Nam tính bay ra Hn lm à :((((
4,17,20-9-2022 17:47,,Hòa Xuân Trương Thồiiiiii
3,17,19-9-2022 18:21,,Nguyễn Văn Nam anh phải 3 chục chứ
1,1,,,Chu Hiếu dạ check ib em liền nha ạ
1,2,,,Quang Minh Dương check ib mình nhé ^^
1,3,,,Bùi Tiến Đức dạ check ib an
1,4,,,Phạm Hồng Thái dạ check ib ạ
1,5,,,Nhật Lê check ib mình ạ
1,16,,,Vũ Thiên Thắm rep ib m ạ
1,20,,,Dũng Nguyễn repnib m
1,27,,,Kim Khanh rep ib m
1,28,,,Thế Lân rep ib m
1,1,,,Duog Nguyn Check ib mình nha
3,1,12-10-2022 17:39,,Lê Tuan Anh check ib vs ạ
2,1,12-10-2022 17:37,,Duog Nguyn ông cháu này ib anh ngay để được nhận hỗ trợ ưu đãi
1,2,,,Lê Cường Bạn check ib mình nha
1,3,,,Công Chu Bạn check ib mình nha
1,4,,,Bạn check ib mình nha
1,5,,,Binh Boong Check ib mình nha
1,6,,,Nguyễn AnhDũng bạn check ib mình nha
1,7,,,Trần Văn Lâm Check ib mình nha
1,8,,,Phương Nam Check ib mình nha
1,9,,,Sơn Đình Tạ Check ib mình nha
1,10,,,Hồ Hồng Đức Bạn check ib mình nha
1,11,,,Quang Nguyễn Bạn check ib nha
1,12,,,Hữu Giang bạn check ib mình nha
1,13,,,Tây Vương Mẫu b check ib mình nha
1,14,,,Phạm Hải Bạn check ib mình nha
1,15,,,Trung Quang Đoàn Check ib mình nha
1,16,,,Mission Impossible Bạn check ib mình nha
1,17,,,Quang Tùng Bạn check ib mình nha
1,18,,,Bạn check ib mình nhé
1,19,,,Check ib mình nha
1,25,,,Bùi Anh Tuấn bạn check ib nhé
1,26,,,Check ib mình nha
1,27,,,Trần Văn Huy Check ib mình nha
1,28,,,Ank Tú Check ib mình nhé
1,29,,,Phạm Tiến Đạt Ceck ib mình nhé
1,1,,,Đào Mai Chi oki ey
1,2,,,Nguyễn Phương Nam Bạn check ib mình nha
1,3,,,Huy Phạm Bạn check ib mình nha
1,4,,,Đức Lê Bạn check ib mình nha
3,4,6-10-2021 11:48,,Nguyễn Hữu Dương chuẩn bị sớm mà vẫn xịt lab web anh ah
2,4,6-10-2021 11:47,,Đức Lê chuẩn bị sớm thế em
4,4,6-10-2021 11:50,,"Đức Thànhh thôi xin, học 1 cái cho chắc tay đã"
3,4,6-10-2021 11:50,,Đức Lê học .NET đi đầu gấu
1,1,,,Tânn Đỗ anh check ib nhé!
1,2,,,Nguyen Hoang anh check ib nhé!
1,3,,,Nguyễn Ken chị check ib nhé!
1,4,,,a check ib nhé
1,5,,,Đỗ Phương Thảo c check ib nhé
1,6,,,Nguyễn Đức Thiện a check ib nha
1,7,,,Toàn Trung a check ib nhé
1,8,,,Ngọc Nam Nguyễn anh check ib nhé!
1,9,,,Tên Thành anh check ib nhé!
1,10,,,a check ib nhé
1,11,,,Nguyen Hanh a check ib nhé
1,14,,,Nguyễn Thành Đạt anh check ib nhé!
1,15,,,Trần Văn Hưng a check ib nhé
3,15,19-9-2022 15:50,,Trần Văn Hưng có gì đâu :))
4,15,19-9-2022 15:50,,Đàm Đạt a để im. em còn xin việc làm
2,15,19-9-2022 15:47,,Đàm Đạt a cười cái j
1,16,,,Tống Quang anh check ib nhé!
1,17,,,Tô Thái Dương ib ạ
2,17,18-9-2022 19:14,,a check ib nhé
1,18,,,c check ib nhé
1,19,,,Liinh N Thái anh check ib nhé!
1,20,,,Thu Le chị check ib nhé!
1,21,,,Hoài Nam anh check ib nhé!
1,22,,,c check ib nhé
1,23,,,Hana Nguyễn chị check ib nhé!
1,24,,,Nhật Lê chị check ib nhé!
1,25,,,Duy Anh Nguyễn anh check ib nhé!
1,26,,,Hoài Hoàng anh check ib nhé!
1,28,,,Hương Mai chị check ib nhé!
1,29,,,Ngân Dương Đỗ chị check ib nhé!
1,30,,,Lv Namm anh check ib nhé!
1,31,,,Nguyen Cuong a check ib nhé
1,32,,,Tống Trung Đoàn anh check ib nhé!
1,33,,,a check ib nhé
1,1,,,bạn check inb mình nhé
2,14,14-9-2022 22:06,,Hoàng Đăng Dương chào đồng nghiệp
1,14,,,Thanh Tùng huhu chào đồng nghiệp :))
2,14,14-9-2022 22:06,,Thanh Tùng k cho
4,14,14-9-2022 23:18,,Hoàng Nhật Minh
3,14,14-9-2022 23:11,,Thanh Tùng ko cho =)))
1,2,,,"Nguyễn Thành Linh chào em, em check ib c nhé"
1,3,,,"Toàn Nguyễn chào em, em check ib c nhé"
1,4,,,"Trịnh Vinh Toàn chào em, em check ib c nhé"
1,5,,,"An Ninh Qyz chào em, em check ib c nhé"
1,6,,,"Nguyễn Tiến Đức chào em, em check ib c nhé"
1,8,,,"Hào Lê Tuấn chào em, em check ib c nhé"
1,2,,,"Nguyễn Thành Linh chào em, em check ib c nhé"
1,3,,,"Toàn Nguyễn chào em, em check ib c nhé"
1,4,,,"Trịnh Vinh Toàn chào em, em check ib c nhé"
1,5,,,"An Ninh Qyz chào em, em check ib c nhé"
1,6,,,"Nguyễn Tiến Đức chào em, em check ib c nhé"
1,8,,,"Hào Lê Tuấn chào em, em check ib c nhé"
1,2,28-9-2022 20:12,,Phan Hiếu Nguyễn Minh Giang https://docs.google.com/.../1NM7rIQUGcBigXkKA2Yzs.../edit...
2,2,28-9-2022 20:12,,Phan Hiếu c gửi nhé
1,3,28-9-2022 20:12,,Thanh Duy Nguyễn Minh Giang https://docs.google.com/.../1NM7rIQUGcBigXkKA2Yzs.../edit...
2,3,28-9-2022 20:12,,Thanh Duy c gửi nha
1,4,28-9-2022 20:12,,Đức Hải Nguyễn Minh Giang https://docs.google.com/.../1NM7rIQUGcBigXkKA2Yzs.../edit...
2,4,28-9-2022 20:12,,Đức Hải c gửi nhé
1,5,29-9-2022 09:54,,Hoa Hồng Xanh Phan Hiếu Nguyễn Minh Giang https://docs.google.com/.../1NM7rIQUGcBigXkKA2Yzs.../edit...
1,6,28-9-2022 20:12,,Lou Kai Nguyễn Minh Giang https://docs.google.com/.../1NM7rIQUGcBigXkKA2Yzs.../edit...
2,6,28-9-2022 20:13,,Lou Kai c gửi nhé
1,7,29-9-2022 14:45,,Tran Tran Phan Hiếu Nguyễn Minh Giang https://docs.google.com/.../1NM7rIQUGcBigXkKA2Yzs.../edit...
2,7,29-9-2022 14:45,,Tran Tran c gửi nhé
1,8,28-9-2022 20:13,,Chí Thanh Nguyễn Minh Giang https://docs.google.com/.../1NM7rIQUGcBigXkKA2Yzs.../edit...
2,8,28-9-2022 20:13,,Chí Thanh c gửi nhé
1,9,28-9-2022 20:13,,Mission Impossible Nguyễn Minh Giang https://docs.google.com/.../1NM7rIQUGcBigXkKA2Yzs.../edit...
2,9,28-9-2022 20:13,,Mission Impossible c gửi nhé
1,11,28-9-2022 20:13,,Aiden Nguyễn Nguyễn Minh Giang https://docs.google.com/.../1NM7rIQUGcBigXkKA2Yzs.../edit...
2,11,28-9-2022 20:13,,Aiden Nguyễn c gửi nhé
1,6,,,Chiến Binh Vô Hồn C ib rồi nha
1,10,,,Lê Khoa Check ib giúp chị nha
1,11,,,Nguyễn Tài Check ib nhé
1,12,,,Tien Anh Check ib c nhé
1,14,,,Dương Minh Cường Check ib c nha
1,15,,,Nguyen Van Tan C ib rồi nha
1,17,,,Bùi Tiến Đình ib nha
1,19,,,Nghĩa Nghĩa Check ib c nha
1,20,,,Hoang Knight Chị ib rồi nha
1,21,,,Hào Lê Tuấn Chị ib rồi nha
1,22,,,Vũ Minh Tiến Chị ib rồi nhé
1,23,,,Kiên KaKa Kiên check ib nha
1,24,,,Duy Đạt chị ib rồi ne
1,25,,,Nguyễn Chí Hiển Bên chị hiện tại tuyển khu vực HN thôi nè
1,27,,,Văn Thanh c ib rồi nè
1,29,,,Phạm Xuân Hùng Check ib c nhé
1,30,,,Hai Nguyen Ib nha
1,31,,,Nam Nguyễn Check ib nha
1,32,,,Hoàng Minh Đức C ib rồi nha
1,33,,,Nam David chị ib cho em r nha
1,34,,,Hòa Minh Check ib nhé
1,35,,,Đoàn Hải Long check ib nhé
1,36,,,Nguyễn Xuân Trường check tin nhắn nhé
2,1,27-9-2022 18:17,,Le Minh Nghia Uhm em êi. Mai đi làm đi nào.
1,1,,,Mun Mười vẫn qt fpt à anh
3,1,27-9-2022 18:18,,Huy Quang Vũ bro apply vào đi để pv cùng nào.
2,1,27-9-2022 16:19,,Mun Mười nhảy nhanh vậy b
3,1,27-9-2022 17:18,,Mun Mười Gửi Cv lun nèo
1,1,,,Đạt Cậu mình check ib em nhé
1,1,,,Dương Dương e check ib nhé
1,2,,,Trịnh Duy Tân bạn check ib nhé
1,3,,,Tuấn Kiệt e check ib nhé
1,4,,,Gia Bảo e check ib nhé
1,5,,,e check ib nhé
1,6,4-8-2022 13:33,,"Giáp Hoàng dạ vâng ạ, công ty cũng muốn các bạn có thêm nhiều cơ hội ^^"
1,8,,,Phung Cuong e check ib nhé
1,9,,,Bùi Anh Tuấn e check ib nhé
1,10,,,Hòa e check ib nhé
1,11,,,Duong Le e check ib nhé
1,2,,,Thương Thương k rém =)))
1,5,,,Linh Hà . hóng luôn
2,5,25-7-2022 18:14,,Linh Hà . Hóng ké
4,5,27-7-2022 21:46,,Đỗ Xuân Thiên để yênyên cho e đi làm
3,5,27-7-2022 17:59,,ok e
1,1,,,Nguyễn Quang Huy e nữa
2,1,9-10-2022 20:33,,Nguyễn Quang Huy check ib mình nha
1,2,,,Thưởng Trần check ib mình nha
1,3,,,Đỗ Hậu bạn check ib mình nha
1,4,,,Lâm Phương bạn check ib mình nha
1,1,,,em check ib nha
1,2,,,Trần Quang Đạo em check ib nha
1,4,,,Daisy Thi củn ưn bé
1,5,,,Bình Nguyễn cảm ơn bé Bình nà
2,6,4-10-2022 07:40,,Nguyễn Bảo cho a ?? Ké với
3,6,4-10-2022 07:52,,Nv Chương Yep chúng ta nên ?? cho bạn :)))
4,6,4-10-2022 19:26,,Nguyễn Bảo ??
1,6,,,Hồ Trung Nhân ????
3,6,4-10-2022 19:25,,Ngân Lê tiếc quớ
2,6,4-10-2022 08:34,,Hồ Trung Nhân hiện tại chưa tuyển Intern nhen em
1,7,,,em check ib của chị hen
1,8,,,Quang Long cảm ơn iem :))
1,9,,,"An Nguyen sorry em chị phản hồi trễ, em check ib hen"
1,1,,,Dương Dương e check ib nhé
1,2,,,Trịnh Duy Tân bạn check ib nhé
1,3,,,Tuấn Kiệt e check ib nhé
1,4,,,Gia Bảo e check ib nhé
1,5,,,e check ib nhé
1,6,4-8-2022 13:33,,"Giáp Hoàng dạ vâng ạ, công ty cũng muốn các bạn có thêm nhiều cơ hội ^^"
1,8,,,Phung Cuong e check ib nhé
1,9,,,Bùi Anh Tuấn e check ib nhé
1,10,,,Hòa e check ib nhé
1,11,,,Duong Le e check ib nhé
1,2,,,Khoi Nguyen bạn check inb mình nhé
1,3,,,Trần Quang Đức bạn check inb mình nhé
2,4,20-8-2022 09:45,,Nguyễn Phương vg ạ
1,4,,,Vũ Đức Thắng bạn check inb mình nhé
1,5,,,Minh Hoàng bạn check inb mình nhé
2,6,17-8-2022 01:39,,Nguyễn Phương em xin jd AI với ạ
1,6,,,Phạm T.Hùng bạn check inb mình nhé
1,7,,,Đỗ Bá Huy bạn check inb mình nhé
1,8,,,Anh Tuan bạn check inb mình nhé
1,9,,,Đình Tuấn bạn check inb mình nhé
1,12,,,Kim Dân bạn check inb mình nhé
2,12,17-8-2022 15:00,,Kim Dân xin jd ạ
1,13,,,Viet Anh Junior bạn check inb mình nhé
1,15,,,Rờ Mít bạn check inb mình nhé
1,16,,,Mạnh Hà bạn check inb mình nhé
1,2,,,Linh Đỗ check inb mình ạ
1,4,,,Lê Đức Trung check inb ạ
1,5,,,Nguyễn Quang Thực check inb mình nhé
1,6,,,Nguyễn Thành Trung check inb ạ
1,7,,,Thái Hưng Nguyễn check inb ạ
1,8,,,Danh Lê fresher k m. qa cty đang tuyển
2,8,5-8-2022 19:21,,Danh Lê nodejs ngưng tuyển rồi ạ
1,9,,,Mai Mạnh Tường check inb mình ạ
1,11,,,Huy check inb mình nhé
1,12,,,Nguyễn Khả Tú check inb ạ
1,13,,,Lê Quốc Khanh check inb mình ạ
1,15,,,Thịnh Trần check inb ạ
3,15,23-7-2022 21:18,,German Duy khét làm sao bằng quản lí được a
2,15,23-7-2022 20:54,,Thịnh Trần khéttt
1,16,,,Anh Phuong Le nghỉ
2,16,22-7-2022 17:46,,Anh Phuong Le check inb mình ạ
1,17,,,Lê Tuấn Anh check inb mình ạ
1,19,,,Hồng Hà check inb mình ạ
1,20,,,Phước Đông check inb ạ
1,21,,,Lê Đình Điệp check inb ạ
1,22,,,Minh Tài check inb mình nhé
1,23,,,Thanh Lâm check inb ạ
1,24,,,Nguyễn Quang Vinh check inb mình ạ
1,25,,,Nguyễn T.Đạt check inb mình ạ
1,26,,,Trương Vĩnh Phước check inb ạ
1,27,,,Nguyễn Minh check inb mình ạ
1,28,24-7-2022 15:31,,Đỗ Kiên https://www.vieclamcntt.net/tuyen-dung-gadget...
2,28,24-7-2022 15:32,,Đỗ Kiên Bạn xem JD và ứng tuyển ở đây bạn nhé (nhớ mở quyền truy cập cho link CV trên drive)
1,29,,,Hùng Nguyễn check inb mình nhé
1,30,,,Tran Dinh check inb ạ
1,31,,,Trung Kien Le check inb mình nhé
1,32,,,Đạt Hoàng check inb mình ạ
1,33,,,Thu Huyền check inb mình ạ
1,35,,,Bi Nguyen check inb mình nhé
1,36,,,Nghia KNs check inb mình ạ
1,37,,,Ryan HC check inb mình nhé
1,38,,,Lê Đức fulltime bạn nhé
1,39,,,Lâm Ngọc Tú check inb mình ạ
1,41,,,Minh Quang check inb mình ạ
1,1,,,em check ib nha
1,2,,,Trần Quang Đạo em check ib nha
1,4,,,Daisy Thi củn ưn bé
1,5,,,Bình Nguyễn cảm ơn bé Bình nà
2,6,4-10-2022 07:40,,Nguyễn Bảo cho a ?? Ké với
3,6,4-10-2022 07:52,,Nv Chương Yep chúng ta nên ?? cho bạn :)))
4,6,4-10-2022 19:26,,Nguyễn Bảo ??
1,6,,,Hồ Trung Nhân ????
3,6,4-10-2022 19:25,,Ngân Lê tiếc quớ
2,6,4-10-2022 08:34,,Hồ Trung Nhân hiện tại chưa tuyển Intern nhen em
1,7,,,em check ib của chị hen
1,8,,,Quang Long cảm ơn iem :))
1,9,,,"An Nguyen sorry em chị phản hồi trễ, em check ib hen"
1,2,,,Khoi Nguyen bạn check inb mình nhé
1,3,,,Trần Quang Đức bạn check inb mình nhé
2,4,20-8-2022 09:45,,Nguyễn Phương vg ạ
1,4,,,Vũ Đức Thắng bạn check inb mình nhé
1,5,,,Minh Hoàng bạn check inb mình nhé
2,6,17-8-2022 01:39,,Nguyễn Phương em xin jd AI với ạ
1,6,,,Phạm T.Hùng bạn check inb mình nhé
1,7,,,Đỗ Bá Huy bạn check inb mình nhé
1,8,,,Anh Tuan bạn check inb mình nhé
1,9,,,Đình Tuấn bạn check inb mình nhé
1,12,,,Kim Dân bạn check inb mình nhé
2,12,17-8-2022 15:00,,Kim Dân xin jd ạ
1,13,,,Viet Anh Junior bạn check inb mình nhé
1,15,,,Rờ Mít bạn check inb mình nhé
1,16,,,Mạnh Hà bạn check inb mình nhé
1,1,,,Đỗ Dương mình gửi rồi nhé
1,2,,,Nguyễn Mạnh dạ bạn kiểm tra ib ạ
1,3,,,Giang Sếu mình gửi qua ib nhé
1,4,,,Dương Moon dạ bạn kiểm tra ib ạ
1,5,,,Duy Đăng dạ bạn kiểm tra ib ạ
1,6,,,Nguyễn Thịnh bạn Check in giúp mình nhé
1,8,,,Phạm Nguyên mình gửi qua ib nhé
1,9,,,Đặng Phương Nam bạn check ib giúp mình nhé
2,11,28-7-2022 09:38,,Dương Tr cho e xin với ạ
3,11,29-7-2022 23:50,,Họ Tên bạn check ib giúp mình nhé
1,11,,,Đoàn Đạt mình gửi qua ib rồi nhé
1,12,,,Hải Trần bạn check inbox nhé
2,12,31-7-2022 01:29,,Hải Trần dạ bạn kiểm tra ib ạ
1,13,,,Đoàn Hải Long bạn check ib giups mình
1,14,,,Thế An ok nhé
1,15,,,Phùng Khắc Tiến bạn check ib nhé
1,17,,,Minh Quang dạ bạn kiểm tra ib ạ
1,18,,,Nguyễn Trung Cường bạn check ib nhé
1,19,,,Nguyễn Quang Thực bạn check ib giúp mình nhé
1,20,,,Nguyễn Tài mình gửi qua ib rồi nhé
1,21,,,Toàn Nguyễn dạ bạn kiểm tra ib ạ
1,22,,,Hồ Huy dạ bạn kiểm tra ib ạ
1,24,,,Chí Thành dạ bạn kiểm tra ib ạ
1,25,,,Hoàng dạ bạn kiểm tra ib ạ
1,26,,,Vũ Văn Diệu dạ bạn kiểm tra ib ạ
1,27,,,Dũng Phan bạn check ib nhé
1,28,,,Việt Hưng dạ bạn kiểm tra ib ạ
1,30,,,Văn Hiệp dạ bạn kiểm tra ib ạ
1,31,,,Hoàng Việt Anh bạn check ib nhé
1,32,,,Phạm Mạnh Cường Bạn check ib nhé
1,33,,,Nguyễn Xuân Vũ bạn check ib nhé
1,34,,,Duy Hà Bạn check ib giúp m nhe
1,35,,,An Thành dạ bạn kiểm tra ib ạ
1,36,,,Đức Sinh Bạn quan tâm vị trí nào ạ
1,37,,,Hoàng Phong bạn Check in nhé
1,38,,,Vũ Đức Thắng dạ bạn kiểm tra ib ạ
1,39,,,Hùng bạn k tra ib mình nhé
2,40,27-7-2022 20:29,,Nguyễn N. Kiên t đang xin thực tập mà
1,40,,,"Nguyễn N. Trung ko thấy liên hệ, có đây thì ko hỏi"
2,40,31-7-2022 01:47,,Nguyễn N. Trung dạ mình gửi bạn jd rồi ạ
1,41,,,Dương bạn check ib giúp m nhé
1,42,,,bạn check ib mình nhé
1,43,,,Thẩm Đức bạn check ib nhé
1,44,,,Hongquang Dao dạ bạn kiểm tra ib ạ
1,45,,,Nhật Lê bạn check ib mình nhé
1,46,,,Nguyễn T.Anhh bạn check ib nhé
1,47,,,Hòa dạ bạn kiểm tra ib ạ
1,48,31-7-2022 01:52,,Trần Thế Long mình gửi bạn jd REACTJS Intern https://bit.ly/3PdCuwC
1,49,,,Hoàngg Quânn bạn check ib nhé
1,50,31-7-2022 01:52,,Nguyễn Hoàng Long mình gửi bạn jd REACTJS Intern / Fresher https://bit.ly/3PdCuwC
1,51,,,Minh Hoài mình gửi rồi ạ
2,53,27-7-2022 18:44,,Dương Tr chị có thể gửi lại đc ko ạ em không thấy hiện tin nhắn
1,53,,,Vũ Triệu mình gửi qua ib rồi nhé
1,54,,,Duc Thang dạ bạn kiểm tra ib ạ
1,55,,,Le Huy Hoang dạ bạn kiểm tra ib ạ
1,57,31-7-2022 01:52,,Hùng Hùng mình gửi bạn jd REACTJS Intern / Fresher https://bit.ly/3PdCuwC
1,58,,,Nguyễn Đức Huy mình gửi qua ib ạ
1,59,,,Nguyễn Ngọc Tài bạn check ib nhé
1,60,,,Lê Tuấn Hiệp mình gửi qua ib nhé
1,61,,,Đỗ Việt Thắng bạn đang quan tâm vị trid nào ạ
1,62,,,Phạm Trung Đông mình gửi qua ib rồi nhé
1,63,,,Tran Hoang Nhat Anh bạn check ib giúp mình nhé
1,1,,,Đỗ Dương mình gửi rồi nhé
1,2,,,Nguyễn Mạnh dạ bạn kiểm tra ib ạ
1,3,,,Giang Sếu mình gửi qua ib nhé
1,4,,,Dương Moon dạ bạn kiểm tra ib ạ
1,5,,,Duy Đăng dạ bạn kiểm tra ib ạ
1,6,,,Nguyễn Thịnh bạn Check in giúp mình nhé
1,8,,,Phạm Nguyên mình gửi qua ib nhé
1,9,,,Đặng Phương Nam bạn check ib giúp mình nhé
2,11,28-7-2022 09:38,,Dương Tr cho e xin với ạ
3,11,29-7-2022 23:50,,Họ Tên bạn check ib giúp mình nhé
1,11,,,Đoàn Đạt mình gửi qua ib rồi nhé
1,12,,,Hải Trần bạn check inbox nhé
2,12,31-7-2022 01:29,,Hải Trần dạ bạn kiểm tra ib ạ
1,13,,,Đoàn Hải Long bạn check ib giups mình
1,14,,,Thế An ok nhé
1,15,,,Phùng Khắc Tiến bạn check ib nhé
1,17,,,Minh Quang dạ bạn kiểm tra ib ạ
1,18,,,Nguyễn Trung Cường bạn check ib nhé
1,19,,,Nguyễn Quang Thực bạn check ib giúp mình nhé
1,20,,,Nguyễn Tài mình gửi qua ib rồi nhé
1,21,,,Toàn Nguyễn dạ bạn kiểm tra ib ạ
1,22,,,Hồ Huy dạ bạn kiểm tra ib ạ
1,24,,,Chí Thành dạ bạn kiểm tra ib ạ
1,25,,,Hoàng dạ bạn kiểm tra ib ạ
1,26,,,Vũ Văn Diệu dạ bạn kiểm tra ib ạ
1,27,,,Dũng Phan bạn check ib nhé
1,28,,,Việt Hưng dạ bạn kiểm tra ib ạ
1,30,,,Văn Hiệp dạ bạn kiểm tra ib ạ
1,31,,,Hoàng Việt Anh bạn check ib nhé
1,32,,,Phạm Mạnh Cường Bạn check ib nhé
1,33,,,Nguyễn Xuân Vũ bạn check ib nhé
1,34,,,Duy Hà Bạn check ib giúp m nhe
1,35,,,An Thành dạ bạn kiểm tra ib ạ
1,36,,,Đức Sinh Bạn quan tâm vị trí nào ạ
1,37,,,Hoàng Phong bạn Check in nhé
1,38,,,Vũ Đức Thắng dạ bạn kiểm tra ib ạ
1,39,,,Hùng bạn k tra ib mình nhé
2,40,27-7-2022 20:29,,Nguyễn N. Kiên t đang xin thực tập mà
1,40,,,"Nguyễn N. Trung ko thấy liên hệ, có đây thì ko hỏi"
2,40,31-7-2022 01:47,,Nguyễn N. Trung dạ mình gửi bạn jd rồi ạ
1,41,,,Dương bạn check ib giúp m nhé
1,42,,,bạn check ib mình nhé
1,43,,,Thẩm Đức bạn check ib nhé
1,44,,,Hongquang Dao dạ bạn kiểm tra ib ạ
1,45,,,Nhật Lê bạn check ib mình nhé
1,46,,,Nguyễn T.Anhh bạn check ib nhé
1,47,,,Hòa dạ bạn kiểm tra ib ạ
1,48,31-7-2022 01:52,,Trần Thế Long mình gửi bạn jd REACTJS Intern https://bit.ly/3PdCuwC
1,49,,,Hoàngg Quânn bạn check ib nhé
1,50,31-7-2022 01:52,,Nguyễn Hoàng Long mình gửi bạn jd REACTJS Intern / Fresher https://bit.ly/3PdCuwC
1,51,,,Minh Hoài mình gửi rồi ạ
2,53,27-7-2022 18:44,,Dương Tr chị có thể gửi lại đc ko ạ em không thấy hiện tin nhắn
1,53,,,Vũ Triệu mình gửi qua ib rồi nhé
1,54,,,Duc Thang dạ bạn kiểm tra ib ạ
1,55,,,Le Huy Hoang dạ bạn kiểm tra ib ạ
1,57,31-7-2022 01:52,,Hùng Hùng mình gửi bạn jd REACTJS Intern / Fresher https://bit.ly/3PdCuwC
1,58,,,Nguyễn Đức Huy mình gửi qua ib ạ
1,59,,,Nguyễn Ngọc Tài bạn check ib nhé
1,60,,,Lê Tuấn Hiệp mình gửi qua ib nhé
1,61,,,Đỗ Việt Thắng bạn đang quan tâm vị trid nào ạ
1,62,,,Phạm Trung Đông mình gửi qua ib rồi nhé
1,63,,,Tran Hoang Nhat Anh bạn check ib giúp mình nhé
1,2,,,Quang Anh rep m ạ
1,6,,,Trần Quang Hưng rep m ạ
1,7,,,Ngô Quang Hưng rep m ạ
1,10,,,Dũng Đinh rep m a
1,11,,,Hoàng Minh rep m ạ
1,12,,,Văn Trình rep ib m
1,13,,,Phương Ly rep ib m ạ
1,14,,,Nguyễn Trọng Tâm m tuyển đủ r
1,15,,,Marcus Tran rep ib m
1,16,,,Ngọc Thắng rep n ai
3,16,29-7-2022 17:42,,Trịnh Tiến Lực bịp
4,16,29-7-2022 22:00,,Trịnh Tiến Lực thằng này để hr biết thì chết
2,16,29-7-2022 17:24,,Ngọc Thắng clma. Đi làm rồi mà vẫn xin việc. Bạn hư vừaaaaa
1,17,,,Lê Hoàng rep m ạ
1,18,,,Sơn Hải rep m ạ
1,19,,,Quan Tran rep ub m
1,20,,,Văn Thuận rep m a
1,21,,,Thành Công rep ib m
1,22,,,Thang Nguyen rep m ạ
1,23,,,Huỳnh Khôi rep m
1,24,,,Cỏ rep m ạ
1,25,,,Duy Sales rep ib m
1,26,,,Hiệp Nguyễn rep ib mn
1,27,,,Trịnh Quốc Đại rep m ah
1,28,,,Lê Khang rep ib k
1,29,,,Quốc Bình rep ib m
2,30,3-8-2022 19:27,,Eiramy Hoang dạ em có thấy ib đâu ạ
1,30,,,Huỳnh Ngọc Đức rep ib m ạ
1,31,,,Hoàng Nguyễn rep ib m ạ
1,32,,,Bùi Tiến Đình rep ib m
1,33,,,Chiến hi b
2,34,2-8-2022 17:32,,Eiramy Hoang intern java hcm ạ
1,34,,,Nguyên Nguyên b xin job nào ở đâu v
1,35,,,Nguyễn Đức rep m a
1,36,,,An Nguen rrp ib m
1,37,,,Bi Nguyen rep m ak
1,38,,,Phạm Đạt rep m ạ
1,41,,,Phu Ngo b rep tn m với ạ
1,42,,,Nguyễn Văn Hữu rep m ạ
1,43,,,Dương Quốc repbm sj
1,1,,,Hùng Vũ check ib mình nhé
1,3,,,Tiến Lê bên mình hiện đang tuyển fulltime b nha
1,7,,,Quang Bale bạn check tin nhắn chờ/spam nhé
1,5,,,Đỗ Duy Nam bạn check inb mình nhé
1,6,,,Trần Hùng bạn check ib mình nhé
1,7,,,bạn check tin nhắn chờ nhé
1,8,,,Quang Minh bạn check ib mình nhé
2,9,13-9-2021 20:34,,Hiếu Phan okie! Cám ơn bạn nhá!
1,9,,,hiện tại fsoft chỉ tuyển fresher fulltime thôi ạ
1,10,,,Hà Hoàng bạn check ib mình nhé
1,11,,,Khang Phạm bạn check ib mình nhé
1,14,,,Akiko Gwatan bạn check ib mình nhé
1,1,,,Hùng Vũ check ib mình nhé
1,3,,,Tiến Lê bên mình hiện đang tuyển fulltime b nha
1,7,,,Quang Bale bạn check tin nhắn chờ/spam nhé
1,2,,,MuỐi TiÊu ơ chị
2,2,23-7-2022 08:28,,MuỐi TiÊu check inb mình nhé
1,3,,,Ngọc Thắm check inb mình ạ
1,4,,,Phù Hợp check inb mình ạ
1,5,,,Duy Nguyễn check inb ạ
1,6,,,Hoàng check inb mình ạ
1,7,,,Nguyễn Quyết Tiến check inb mình ạ
1,9,,,Duy Khanh check inb mình ạ
1,10,,,Nguyễn Phạm Mạnh Cường check inb mình ạ
1,11,,,Trương Đức An check inb mình ạ
1,12,,,Trần Phong bạn check inb mình ạ
1,13,,,Nguyễn Xuân Trường check inb ạ
1,15,,,Phạm Trung check inb mình ạ
1,16,,,Perro Thuận bạn check inb mình nhé
1,17,,,Hoàng Kim Anh Đức check inb ạ
1,1,,,Tùng Nguyễn Bạn check ib mình nha
1,2,,,Thanhh Mai Bạn check ib mình nha
1,8,,,Toàn Hà bạn check ib mình nha
2,11,27-4-2022 18:55,,Nguyễn Văn Hoan :))
1,11,,,NQ Cường vl bạn tôi h nhảy qua ai ti à
2,12,28-4-2022 12:24,,Chiến tester bạn ạ
1,12,,,Ngọc Châu vị trí nào thế bạn ơi
1,1,,,Tùng Nguyễn Bạn check ib mình nha
1,2,,,Thanhh Mai Bạn check ib mình nha
1,8,,,Toàn Hà bạn check ib mình nha
2,11,27-4-2022 18:55,,Nguyễn Văn Hoan :))
1,11,,,NQ Cường vl bạn tôi h nhảy qua ai ti à
2,12,,,Chiến tester bạn ạ
1,12,,,Ngọc Châu vị trí nào thế bạn ơi
1,2,,,Phùng Đức Đạt em check ib chị nha
1,3,,,Bạch Ngọc Khánh em check ib chị nha
2,4,24-7-2022 19:30,,Thịnh Trần tạch quản lý rồi em ạ :((
1,4,,,German Duy quản lí đi xin jd làm gì anh ơi
2,4,25-7-2022 17:55,,German Duy em check ib chị nha
1,5,,,Marcus Tran em check ib chị nha
1,6,,,Công Vương Chí em check ib chị nha
1,7,,,Khang Tran em check ib chị nha
1,8,,,リン ヴ em check ib chị nha
1,9,,,Khắc Sơn em check ib chị nha
1,10,,,Bom Bao Bánh em check ib chị nha
1,11,,,Thanh Vũ Văn em check ib chị nha
1,12,,,Trương Sến em check ib chị nha
1,13,,,Mạnh Hùng em check ib chị nha
1,15,,,Lê Hoàng em check ib chị nha
1,16,,,Kiênn Hoàng em check ib chị nha
1,17,,,Võ Thông em check ib chị nha
1,18,,,Cris Nguyễn em check ib chị nha
1,19,,,Cris Nguyễn em check ib chị nha
1,20,,,Hieu Nt em check ib chị nha
1,21,,,Võ Thành Huy em check ib chị nha
1,2,10-8-2022 22:22,,"Vu Ngoc Anh hi em, c gửi JD nha: https://docs.google.com/.../1QcGXRpAiQ6gzgnT6LbBtFLf.../edit"
1,3,,,Nguyen Quoc Tuan ơ kìa xin thật à =))
1,5,,,Nguyễn Khả Tú e check tin nhắn chờ c nhé
1,8,,,"Bưởi Công Tử chào em, bên c có nha"
2,9,8-8-2022 13:34,,"Nguyen Quoc Tuan thoi, xuồng xã quá"
1,9,,,Văn Phú Trần bu gi co
2,9,8-8-2022 19:22,,"Văn Phú Trần ""thôi em đừng nặng lòng anh ta"""
1,10,10-8-2022 22:22,,"Tung NT hi em, c gửi em jd nha: https://docs.google.com/.../1QcGXRpAiQ6gzgnT6LbBtFLf.../edit"
1,2,,,Nguyễn Huy check inbox chị nha
2,3,23-7-2022 12:21,,Như Quỳnh chị check ib em ạ
1,3,,,Đức Lương check inbox chị nha
1,4,,,Linh Ruan check inbox chị nha
1,5,,,Hồng Hà check inbox chị nha
1,6,,,check inbox chị nha
1,7,,,Trần Minh Đức check inbox chị nha
1,8,,,Nguyễn Đình Tuấn Annh check inbox chị nha
1,10,,,Nguyễn Minh check inbox chị nha
1,11,,,Đức Anh Nguyễn check inbox chị nha
1,12,,,check inbox chị nha
1,13,,,Thành Vũ check inbox chị nha
1,14,,,Nguyễn Đức Tùng Lâm check inbox chị nha
1,15,,,Ngọc Dương check inbox chị nha
2,16,20-7-2022 18:14,,Đỗ Thị Trang ...
1,16,,,Trần Chiến Thắng ghê nha bạn.
1,17,,,Ngô Hoàng check inbox chị nha
1,21,,,Hào Lê Tuấn check inbox chị nha
1,22,,,Phù Nguyễn check inbox chị nha
1,23,,,Minh Quang Check inbox chị nha
1,24,,,Huy Phan check inbox chị nha
1,25,,,Tien An Nguyen check inbox mình nha
1,26,,,Hoài Thu check inbox chị nha
1,28,,,Anh Phan check inbox chị nha
1,29,,,Hoàng Lê check inbox chị nha
1,30,,,Pham Minh Quang check inbox chị nha
2,30,20-7-2022 17:16,,Pham Minh Quang thế nào
1,31,,,Huy Chu check inbox chị nha
1,32,,,Chu Khánh Duy Check inbox chị nha
1,33,,,Phạm Tùng check inbox chị nha
1,34,,,Nguyên Lee check inbox chị nha
1,36,,,check inbox chị nha
1,37,,,Thiên Phú check inbox chị nha
1,38,,,Phong check inbox chị nha
1,39,,,Đình Hiếu check inbox chị nha
1,40,,,check inbox chị nha
1,41,,,Đỗ Sơn check inbox chị nha
1,43,,,Nguyễn Thành Trung check inbox chị nha
1,44,,,Lân Phan check inbox chị nha
1,45,,,Lê Tuấn Hiệp check inbox chị nha
2,46,21-7-2022 18:20,,Như Quỳnh chị check ib em với ạ
1,46,,,Dung Thùy check inbox chị nha
1,47,20-7-2022 20:24,,"Bùi Huy Hiệu bắt bẻ ít thôi m, chữ i vs o nó gần nhau ngta ấn lộn tý"
1,48,,,Yoo Love check inbox chị nha
1,49,,,Check inbox chị nha
1,50,,,Dương Moon check inbox chị nha
1,51,,,Chu Minh Hồng check inbox chị nha
1,52,,,Nguyễn Duy Toản check inbox chị nha
1,55,,,Đoàn Trọng Tân check inbox chị nha
1,56,,,Minh Hoài check inbox chị nha
1,57,,,Lv Namm check inbox chị nha
1,59,,,Nguyễn Phong check inbox mình nha
1,60,,,Tien Dat check inbox chị nha
1,61,,,Jennifer Lee check inbox chị nha
1,62,,,Bình An check inbox chị nha
1,66,,,Ninh Tào check inbox chị nha
1,68,,,Đức Tùng check inbox chị nha
2,70,21-7-2022 20:02,,"Như Quỳnh
e Linh mà c. Nguyễn Phương Linh. Mà ngồi xa lắm ko cảm nhận đc gì"
1,70,,,Ngọc Sơn Có bạn Linh ngồi gần rồi mờ =)))))
1,5,,,Đỗ Duy Nam bạn check inb mình nhé
1,6,,,Trần Hùng bạn check ib mình nhé
1,7,,,bạn check tin nhắn chờ nhé
1,8,,,Quang Minh bạn check ib mình nhé
2,9,13-9-2021 20:34,,Hiếu Phan okie! Cám ơn bạn nhá!
1,9,,,hiện tại fsoft chỉ tuyển fresher fulltime thôi ạ
1,10,,,Hà Hoàng bạn check ib mình nhé
1,11,,,Khang Phạm bạn check ib mình nhé
1,14,,,Akiko Gwatan bạn check ib mình nhé
2,1,22-7-2022 11:22,,Chanh Leo thì tìm chỗ để tiện đưa đón mà :))
3,1,22-7-2022 11:22,,Nguyên Lee
1,1,,,Nguyên Lee chỗ này gần chỗ tui làmmmmmm
2,1,22-7-2022 22:49,,Nguyên Lee em check ib em nha
2,2,23-7-2022 10:10,,Trần Văn Mạnh vâng anh
1,2,,,Đoàn Quang Huy em check ib anh nha
1,3,,,Khương Nguyễn Văn em check ib em nha
1,4,,,Ha Viet Nguyen oki em
1,5,,,Vẽ Một Nụ Cười em check ib nha
1,6,,,Lương Triều Vỹ em check ib nha
1,7,,,Vi Đức em check ib anh nha
1,8,,,Hà Anh Nguyễn em check ib nha em ơi
1,10,,,Hoàng Việt Anh em check ib anh với nha
1,15,,,Nguyễn Quốc Lâm check ib anh với nha
1,17,,,Thanh Vũ Văn em xem ib nha
1,18,,,"Nguyễn Bá Khởi cảm ơn em, anh sẽ check nha"
1,20,,,Nguyễn Đức Thắng em check ib nha
1,21,,,Le Hung em check ib nhé
1,22,,,Jennifer Lee bạn check ib t nha
1,23,23-7-2022 09:25,,An Hải
1,24,,,Nguyễn Đức eem check ib anh nha
1,26,,,Anh Phan em check ib nha
1,27,,,Tuấn Tú em xin jd nào đó em ơi
2,27,23-7-2022 22:23,,e xin fron-end ạ
1,30,,,Nguyễn Huy em check ib anh nha
1,31,,,Hiệp em xem ib nha
